Workbook

Sheet Totals
B1: Minutes | C1: Goals | D1: Assists | E1: Key Pass | F1: Start CA | G1: Outplay | H1: Cross | I1: 1v1 | J1: Header | K1: SP Earned | L1: Shots Off | M1: Shots On | N1: Off Totals | O1: Off A/m | P1: Tackle | Q1: Interception | R1: FH Regain | S1: Block | T1: Clearance | U1: Separation | V1: Header | W1: Stop FWD | X1: Def Totals | Y1: Def A/m | Z1: Total Act | AA1: Total A/m | AC1: Offense | AT1: Defense
A2: addy | B2: =Louisville!B2+SD!B2+ND!B2+Alabama!B2+UNO!B2+KSU!B2+Indiana!B2+Iowa!B2+Washington!B2+MSU!B2+Michigan!B2+Wisconsin!B2+Maryland!B2+Rutgers!B2+Illinois!B2+USC!B2+UCLA!B2+Purdue!B2 -> 82 | C2: =Louisville!C2+SD!C2+ND!C2+Alabama!C2+UNO!C2+KSU!C2+Indiana!C2+Iowa!C2+Washington!C2+MSU!C2+Michigan!C2+Wisconsin!C2+Maryland!C2+Rutgers!C2+Illinois!C2+USC!C2+UCLA!C2+Purdue!C2 -> 0 | D2: =Louisville!D2+SD!D2+ND!D2+Alabama!D2+UNO!D2+KSU!D2+Indiana!D2+Iowa!D2+Washington!D2+MSU!D2+Michigan!D2+Wisconsin!D2+Maryland!D2+Rutgers!D2+Illinois!D2+USC!D2+UCLA!D2+Purdue!D2 -> 0 | E2: =Louisville!E2+SD!E2+ND!E2+Alabama!E2+UNO!E2+KSU!E2+Indiana!E2+Iowa!E2+Washington!E2+MSU!E2+Michigan!E2+Wisconsin!E2+Maryland!E2+Rutgers!E2+Illinois!E2+USC!E2+UCLA!E2+Purdue!E2 -> 0 | F2: =Louisville!F2+SD!F2+ND!F2+Alabama!F2+UNO!F2+KSU!F2+Indiana!F2+Iowa!F2+Washington!F2+MSU!F2+Michigan!F2+Wisconsin!F2+Maryland!F2+Rutgers!F2+Illinois!F2+USC!F2+UCLA!F2+Purdue!F2 -> 6 | G2: =Louisville!G2+SD!G2+ND!G2+Alabama!G2+UNO!G2+KSU!G2+Indiana!G2+Iowa!G2+Washington!G2+MSU!G2+Michigan!G2+Wisconsin!G2+Maryland!G2+Rutgers!G2+Illinois!G2+USC!G2+UCLA!G2+Purdue!G2 -> 0 | H2: =Louisville!H2+SD!H2+ND!H2+Alabama!H2+UNO!H2+KSU!H2+Indiana!H2+Iowa!H2+Washington!H2+MSU!H2+Michigan!H2+Wisconsin!H2+Maryland!H2+Rutgers!H2+Illinois!H2+USC!H2+UCLA!H2+Purdue!H2 -> 0 | I2: =Louisville!I2+SD!I2+ND!I2+Alabama!I2+UNO!I2+KSU!I2+Indiana!I2+Iowa!I2+Washington!I2+MSU!I2+Michigan!I2+Wisconsin!I2+Maryland!I2+Rutgers!I2+Illinois!I2+USC!I2+UCLA!I2+Purdue!I2 -> 1 | ... N2: =Louisville!N2+SD!N2+ND!N2+Alabama!N2+UNO!N2+KSU!N2+Indiana!N2+Iowa!N2+Washington!N2+MSU!N2+Michigan!N2+Wisconsin!N2+Maryland!N2+Rutgers!N2+Illinois!N2+USC!N2+UCLA!N2+Purdue!N2 -> 7 | O2: =IFERROR(N2/B2,0) -> 0.085365854 | P2: =Louisville!P2+SD!P2+ND!P2+Alabama!P2+UNO!P2+KSU!P2+Indiana!P2+Iowa!P2+Washington!P2+MSU!P2+Michigan!P2+Wisconsin!P2+Maryland!P2+Rutgers!P2+Illinois!P2+USC!P2+UCLA!P2+Purdue!P2 -> 7 | Q2: =Louisville!Q2+SD!Q2+ND!Q2+Alabama!Q2+UNO!Q2+KSU!Q2+Indiana!Q2+Iowa!Q2+Washington!Q2+MSU!Q2+Michigan!Q2+Wisconsin!Q2+Maryland!Q2+Rutgers!Q2+Illinois!Q2+USC!Q2+UCLA!Q2+Purdue!Q2 -> 6 | R2: =Louisville!R2+SD!R2+ND!R2+Alabama!R2+UNO!R2+KSU!R2+Indiana!R2+Iowa!R2+Washington!R2+MSU!R2+Michigan!R2+Wisconsin!R2+Maryland!R2+Rutgers!R2+Illinois!R2+USC!R2+UCLA!R2+Purdue!R2 -> 3 | S2: =Louisville!S2+SD!S2+ND!S2+Alabama!S2+UNO!S2+KSU!S2+Indiana!S2+Iowa!S2+Washington!S2+MSU!S2+Michigan!S2+Wisconsin!S2+Maryland!S2+Rutgers!S2+Illinois!S2+USC!S2+UCLA!S2+Purdue!S2 -> 0 | T2: =Louisville!T2+SD!T2+ND!T2+Alabama!T2+UNO!T2+KSU!T2+Indiana!T2+Iowa!T2+Washington!T2+MSU!T2+Michigan!T2+Wisconsin!T2+Maryland!T2+Rutgers!T2+Illinois!T2+USC!T2+UCLA!T2+Purdue!T2 -> 0 | U2: =Louisville!U2+SD!U2+ND!U2+Alabama!U2+UNO!U2+KSU!U2+Indiana!U2+Iowa!U2+Washington!U2+MSU!U2+Michigan!U2+Wisconsin!U2+Maryland!U2+Rutgers!U2+Illinois!U2+USC!U2+UCLA!U2+Purdue!U2 -> 0 | V2: =Louisville!V2+SD!V2+ND!V2+Alabama!V2+UNO!V2+KSU!V2+Indiana!V2+Iowa!V2+Washington!V2+MSU!V2+Michigan!V2+Wisconsin!V2+Maryland!V2+Rutgers!V2+Illinois!V2+USC!V2+UCLA!V2+Purdue!V2 -> 2 | W2: =Louisville!W2+SD!W2+ND!W2+Alabama!W2+UNO!W2+KSU!W2+Indiana!W2+Iowa!W2+Washington!W2+MSU!W2+Michigan!W2+Wisconsin!W2+Maryland!W2+Rutgers!W2+Illinois!W2+USC!W2+UCLA!W2+Purdue!W2 -> 11 | X2: =Louisville!X2+SD!X2+ND!X2+Alabama!X2+UNO!X2+KSU!X2+Indiana!X2+Iowa!X2+Washington!X2+MSU!X2+Michigan!X2+Wisconsin!X2+Maryland!X2+Rutgers!X2+Illinois!X2+USC!X2+UCLA!X2+Purdue!X2 -> 29 | Y2: =IFERROR(X2/B2,0) -> 0.35365854 | Z2: =Louisville!Z2+SD!Z2+ND!Z2+Alabama!Z2+UNO!Z2+KSU!Z2+Indiana!Z2+Iowa!Z2+Washington!Z2+MSU!Z2+Michigan!Z2+Wisconsin!Z2+Maryland!Z2+Rutgers!Z2+Illinois!Z2+USC!Z2+UCLA!Z2+Purdue!Z2 -> 36 | AA2: =IFERROR(Z2/B2,0) -> 0.43902439 | AC2: ="<tr><td>Jones</td><td>"&B2&"</td><td>"&C2&"</td><td>"&D2&"</td><td>"&E2&"</td><td>"&F2&"</td><td>"&G2&"</td><td>"&H2&"</td><td>"&I2&"</td><td>"&J2&"</td><td>"&K2&"</td><td>"&L2&"</td><td>"&M2&"</td><td>"&N2&"</td><td>"&TEXT(O2,"0.00")&"</td><td>"&Z2&"</td><td>"&TEXT(AA2,"0.00")&"</td></tr>" -> <tr><td>Jones</td><td>82</td><td>0</td><td>0</td><td>0</td><td>6</td><td>0</td><td>0</td><td>1</td><td>0</td><td>0</td><td>0</td><td>0</td><td>7</td><td>0.09</td><td>36</td><td>0.44</td></tr> | AT2: ="<tr><td>Jones</td><td>"&B2&"</td><td>"&P2&"</td><td>"&Q2&"</td><td>"&R2&"</td><td>"&S2&"</td><td>"&T2&"</td><td>"&U2&"</td><td>"&V2&"</td><td>"&W2&"</td><td>"&X2&"</td><td>"&TEXT(Y2,"0.00")&"</td><td>"&Z2&"</td><td>"&TEXT(AA2,"0.00")&"</td></tr>" -> <tr><td>Jones</td><td>82</td><td>7</td><td>6</td><td>3</td><td>0</td><td>0</td><td>0</td><td>2</td><td>11</td><td>29</td><td>0.35</td><td>36</td><td>0.44</td></tr>
A3: ally | B3: =Louisville!B3+SD!B3+ND!B3+Alabama!B3+UNO!B3+KSU!B3+Indiana!B3+Iowa!B3+Washington!B3+MSU!B3+Michigan!B3+Wisconsin!B3+Maryland!B3+Rutgers!B3+Illinois!B3+USC!B3+UCLA!B3+Purdue!B3 -> 80 | C3: =Louisville!C3+SD!C3+ND!C3+Alabama!C3+UNO!C3+KSU!C3+Indiana!C3+Iowa!C3+Washington!C3+MSU!C3+Michigan!C3+Wisconsin!C3+Maryland!C3+Rutgers!C3+Illinois!C3+USC!C3+UCLA!C3+Purdue!C3 -> 0 | D3: =Louisville!D3+SD!D3+ND!D3+Alabama!D3+UNO!D3+KSU!D3+Indiana!D3+Iowa!D3+Washington!D3+MSU!D3+Michigan!D3+Wisconsin!D3+Maryland!D3+Rutgers!D3+Illinois!D3+USC!D3+UCLA!D3+Purdue!D3 -> 0 | E3: =Louisville!E3+SD!E3+ND!E3+Alabama!E3+UNO!E3+KSU!E3+Indiana!E3+Iowa!E3+Washington!E3+MSU!E3+Michigan!E3+Wisconsin!E3+Maryland!E3+Rutgers!E3+Illinois!E3+USC!E3+UCLA!E3+Purdue!E3 -> 0 | F3: =Louisville!F3+SD!F3+ND!F3+Alabama!F3+UNO!F3+KSU!F3+Indiana!F3+Iowa!F3+Washington!F3+MSU!F3+Michigan!F3+Wisconsin!F3+Maryland!F3+Rutgers!F3+Illinois!F3+USC!F3+UCLA!F3+Purdue!F3 -> 2 | G3: =Louisville!G3+SD!G3+ND!G3+Alabama!G3+UNO!G3+KSU!G3+Indiana!G3+Iowa!G3+Washington!G3+MSU!G3+Michigan!G3+Wisconsin!G3+Maryland!G3+Rutgers!G3+Illinois!G3+USC!G3+UCLA!G3+Purdue!G3 -> 1 | H3: =Louisville!H3+SD!H3+ND!H3+Alabama!H3+UNO!H3+KSU!H3+Indiana!H3+Iowa!H3+Washington!H3+MSU!H3+Michigan!H3+Wisconsin!H3+Maryland!H3+Rutgers!H3+Illinois!H3+USC!H3+UCLA!H3+Purdue!H3 -> 1 | I3: =Louisville!I3+SD!I3+ND!I3+Alabama!I3+UNO!I3+KSU!I3+Indiana!I3+Iowa!I3+Washington!I3+MSU!I3+Michigan!I3+Wisconsin!I3+Maryland!I3+Rutgers!I3+Illinois!I3+USC!I3+UCLA!I3+Purdue!I3 -> 0 | ... N3: =Louisville!N3+SD!N3+ND!N3+Alabama!N3+UNO!N3+KSU!N3+Indiana!N3+Iowa!N3+Washington!N3+MSU!N3+Michigan!N3+Wisconsin!N3+Maryland!N3+Rutgers!N3+Illinois!N3+USC!N3+UCLA!N3+Purdue!N3 -> 8 | O3: =IFERROR(N3/B3,0) -> 0.1 | P3: =Louisville!P3+SD!P3+ND!P3+Alabama!P3+UNO!P3+KSU!P3+Indiana!P3+Iowa!P3+Washington!P3+MSU!P3+Michigan!P3+Wisconsin!P3+Maryland!P3+Rutgers!P3+Illinois!P3+USC!P3+UCLA!P3+Purdue!P3 -> 3 | Q3: =Louisville!Q3+SD!Q3+ND!Q3+Alabama!Q3+UNO!Q3+KSU!Q3+Indiana!Q3+Iowa!Q3+Washington!Q3+MSU!Q3+Michigan!Q3+Wisconsin!Q3+Maryland!Q3+Rutgers!Q3+Illinois!Q3+USC!Q3+UCLA!Q3+Purdue!Q3 -> 3 | R3: =Louisville!R3+SD!R3+ND!R3+Alabama!R3+UNO!R3+KSU!R3+Indiana!R3+Iowa!R3+Washington!R3+MSU!R3+Michigan!R3+Wisconsin!R3+Maryland!R3+Rutgers!R3+Illinois!R3+USC!R3+UCLA!R3+Purdue!R3 -> 1 | S3: =Louisville!S3+SD!S3+ND!S3+Alabama!S3+UNO!S3+KSU!S3+Indiana!S3+Iowa!S3+Washington!S3+MSU!S3+Michigan!S3+Wisconsin!S3+Maryland!S3+Rutgers!S3+Illinois!S3+USC!S3+UCLA!S3+Purdue!S3 -> 0 | T3: =Louisville!T3+SD!T3+ND!T3+Alabama!T3+UNO!T3+KSU!T3+Indiana!T3+Iowa!T3+Washington!T3+MSU!T3+Michigan!T3+Wisconsin!T3+Maryland!T3+Rutgers!T3+Illinois!T3+USC!T3+UCLA!T3+Purdue!T3 -> 0 | U3: =Louisville!U3+SD!U3+ND!U3+Alabama!U3+UNO!U3+KSU!U3+Indiana!U3+Iowa!U3+Washington!U3+MSU!U3+Michigan!U3+Wisconsin!U3+Maryland!U3+Rutgers!U3+Illinois!U3+USC!U3+UCLA!U3+Purdue!U3 -> 2 | V3: =Louisville!V3+SD!V3+ND!V3+Alabama!V3+UNO!V3+KSU!V3+Indiana!V3+Iowa!V3+Washington!V3+MSU!V3+Michigan!V3+Wisconsin!V3+Maryland!V3+Rutgers!V3+Illinois!V3+USC!V3+UCLA!V3+Purdue!V3 -> 0 | W3: =Louisville!W3+SD!W3+ND!W3+Alabama!W3+UNO!W3+KSU!W3+Indiana!W3+Iowa!W3+Washington!W3+MSU!W3+Michigan!W3+Wisconsin!W3+Maryland!W3+Rutgers!W3+Illinois!W3+USC!W3+UCLA!W3+Purdue!W3 -> 4 | X3: =Louisville!X3+SD!X3+ND!X3+Alabama!X3+UNO!X3+KSU!X3+Indiana!X3+Iowa!X3+Washington!X3+MSU!X3+Michigan!X3+Wisconsin!X3+Maryland!X3+Rutgers!X3+Illinois!X3+USC!X3+UCLA!X3+Purdue!X3 -> 13 | Y3: =IFERROR(X3/B3,0) -> 0.1625 | Z3: =Louisville!Z3+SD!Z3+ND!Z3+Alabama!Z3+UNO!Z3+KSU!Z3+Indiana!Z3+Iowa!Z3+Washington!Z3+MSU!Z3+Michigan!Z3+Wisconsin!Z3+Maryland!Z3+Rutgers!Z3+Illinois!Z3+USC!Z3+UCLA!Z3+Purdue!Z3 -> 21 | AA3: =IFERROR(Z3/B3,0) -> 0.2625 | AC3: ="<tr><td>Geraneo</td><td>"&B3&"</td><td>"&C3&"</td><td>"&D3&"</td><td>"&E3&"</td><td>"&F3&"</td><td>"&G3&"</td><td>"&H3&"</td><td>"&I3&"</td><td>"&J3&"</td><td>"&K3&"</td><td>"&L3&"</td><td>"&M3&"</td><td>"&N3&"</td><td>"&TEXT(O3,"0.00")&"</td><td>"&Z3&"</td><td>"&TEXT(AA3,"0.00")&"</td></tr>" -> <tr><td>Geraneo</td><td>80</td><td>0</td><td>0</td><td>0</td><td>2</td><td>1</td><td>1</td><td>0</td><td>2</td><td>1</td><td>1</td><td>1</td><td>8</td><td>0.10</td><td>21</td><td>0.26</td></tr> | AT3: ="<tr><td>Geraneo</td><td>"&B3&"</td><td>"&P3&"</td><td>"&Q3&"</td><td>"&R3&"</td><td>"&S3&"</td><td>"&T3&"</td><td>"&U3&"</td><td>"&V3&"</td><td>"&W3&"</td><td>"&X3&"</td><td>"&TEXT(Y3,"0.00")&"</td><td>"&Z3&"</td><td>"&TEXT(AA3,"0.00")&"</td></tr>" -> <tr><td>Geraneo</td><td>80</td><td>3</td><td>3</td><td>1</td><td>0</td><td>0</td><td>2</td><td>0</td><td>4</td><td>13</td><td>0.16</td><td>21</td><td>0.26</td></tr>
A4: ava | B4: =Louisville!B4+SD!B4+ND!B4+Alabama!B4+UNO!B4+KSU!B4+Indiana!B4+Iowa!B4+Washington!B4+MSU!B4+Michigan!B4+Wisconsin!B4+Maryland!B4+Rutgers!B4+Illinois!B4+USC!B4+UCLA!B4+Purdue!B4 -> 730 | C4: =Louisville!C4+SD!C4+ND!C4+Alabama!C4+UNO!C4+KSU!C4+Indiana!C4+Iowa!C4+Washington!C4+MSU!C4+Michigan!C4+Wisconsin!C4+Maryland!C4+Rutgers!C4+Illinois!C4+USC!C4+UCLA!C4+Purdue!C4 -> 3 | D4: =Louisville!D4+SD!D4+ND!D4+Alabama!D4+UNO!D4+KSU!D4+Indiana!D4+Iowa!D4+Washington!D4+MSU!D4+Michigan!D4+Wisconsin!D4+Maryland!D4+Rutgers!D4+Illinois!D4+USC!D4+UCLA!D4+Purdue!D4 -> 0 | E4: =Louisville!E4+SD!E4+ND!E4+Alabama!E4+UNO!E4+KSU!E4+Indiana!E4+Iowa!E4+Washington!E4+MSU!E4+Michigan!E4+Wisconsin!E4+Maryland!E4+Rutgers!E4+Illinois!E4+USC!E4+UCLA!E4+Purdue!E4 -> 3 | F4: =Louisville!F4+SD!F4+ND!F4+Alabama!F4+UNO!F4+KSU!F4+Indiana!F4+Iowa!F4+Washington!F4+MSU!F4+Michigan!F4+Wisconsin!F4+Maryland!F4+Rutgers!F4+Illinois!F4+USC!F4+UCLA!F4+Purdue!F4 -> 19 | G4: =Louisville!G4+SD!G4+ND!G4+Alabama!G4+UNO!G4+KSU!G4+Indiana!G4+Iowa!G4+Washington!G4+MSU!G4+Michigan!G4+Wisconsin!G4+Maryland!G4+Rutgers!G4+Illinois!G4+USC!G4+UCLA!G4+Purdue!G4 -> 5 | H4: =Louisville!H4+SD!H4+ND!H4+Alabama!H4+UNO!H4+KSU!H4+Indiana!H4+Iowa!H4+Washington!H4+MSU!H4+Michigan!H4+Wisconsin!H4+Maryland!H4+Rutgers!H4+Illinois!H4+USC!H4+UCLA!H4+Purdue!H4 -> 4 | I4: =Louisville!I4+SD!I4+ND!I4+Alabama!I4+UNO!I4+KSU!I4+Indiana!I4+Iowa!I4+Washington!I4+MSU!I4+Michigan!I4+Wisconsin!I4+Maryland!I4+Rutgers!I4+Illinois!I4+USC!I4+UCLA!I4+Purdue!I4 -> 5 | ... N4: =Louisville!N4+SD!N4+ND!N4+Alabama!N4+UNO!N4+KSU!N4+Indiana!N4+Iowa!N4+Washington!N4+MSU!N4+Michigan!N4+Wisconsin!N4+Maryland!N4+Rutgers!N4+Illinois!N4+USC!N4+UCLA!N4+Purdue!N4 -> 144 | O4: =IFERROR(N4/B4,0) -> 0.19726027 | P4: =Louisville!P4+SD!P4+ND!P4+Alabama!P4+UNO!P4+KSU!P4+Indiana!P4+Iowa!P4+Washington!P4+MSU!P4+Michigan!P4+Wisconsin!P4+Maryland!P4+Rutgers!P4+Illinois!P4+USC!P4+UCLA!P4+Purdue!P4 -> 9 | Q4: =Louisville!Q4+SD!Q4+ND!Q4+Alabama!Q4+UNO!Q4+KSU!Q4+Indiana!Q4+Iowa!Q4+Washington!Q4+MSU!Q4+Michigan!Q4+Wisconsin!Q4+Maryland!Q4+Rutgers!Q4+Illinois!Q4+USC!Q4+UCLA!Q4+Purdue!Q4 -> 17 | R4: =Louisville!R4+SD!R4+ND!R4+Alabama!R4+UNO!R4+KSU!R4+Indiana!R4+Iowa!R4+Washington!R4+MSU!R4+Michigan!R4+Wisconsin!R4+Maryland!R4+Rutgers!R4+Illinois!R4+USC!R4+UCLA!R4+Purdue!R4 -> 9 | S4: =Louisville!S4+SD!S4+ND!S4+Alabama!S4+UNO!S4+KSU!S4+Indiana!S4+Iowa!S4+Washington!S4+MSU!S4+Michigan!S4+Wisconsin!S4+Maryland!S4+Rutgers!S4+Illinois!S4+USC!S4+UCLA!S4+Purdue!S4 -> 1 | T4: =Louisville!T4+SD!T4+ND!T4+Alabama!T4+UNO!T4+KSU!T4+Indiana!T4+Iowa!T4+Washington!T4+MSU!T4+Michigan!T4+Wisconsin!T4+Maryland!T4+Rutgers!T4+Illinois!T4+USC!T4+UCLA!T4+Purdue!T4 -> 2 | U4: =Louisville!U4+SD!U4+ND!U4+Alabama!U4+UNO!U4+KSU!U4+Indiana!U4+Iowa!U4+Washington!U4+MSU!U4+Michigan!U4+Wisconsin!U4+Maryland!U4+Rutgers!U4+Illinois!U4+USC!U4+UCLA!U4+Purdue!U4 -> 5 | V4: =Louisville!V4+SD!V4+ND!V4+Alabama!V4+UNO!V4+KSU!V4+Indiana!V4+Iowa!V4+Washington!V4+MSU!V4+Michigan!V4+Wisconsin!V4+Maryland!V4+Rutgers!V4+Illinois!V4+USC!V4+UCLA!V4+Purdue!V4 -> 23 | W4: =Louisville!W4+SD!W4+ND!W4+Alabama!W4+UNO!W4+KSU!W4+Indiana!W4+Iowa!W4+Washington!W4+MSU!W4+Michigan!W4+Wisconsin!W4+Maryland!W4+Rutgers!W4+Illinois!W4+USC!W4+UCLA!W4+Purdue!W4 -> 28 | X4: =Louisville!X4+SD!X4+ND!X4+Alabama!X4+UNO!X4+KSU!X4+Indiana!X4+Iowa!X4+Washington!X4+MSU!X4+Michigan!X4+Wisconsin!X4+Maryland!X4+Rutgers!X4+Illinois!X4+USC!X4+UCLA!X4+Purdue!X4 -> 94 | Y4: =IFERROR(X4/B4,0) -> 0.12876712 | Z4: =Louisville!Z4+SD!Z4+ND!Z4+Alabama!Z4+UNO!Z4+KSU!Z4+Indiana!Z4+Iowa!Z4+Washington!Z4+MSU!Z4+Michigan!Z4+Wisconsin!Z4+Maryland!Z4+Rutgers!Z4+Illinois!Z4+USC!Z4+UCLA!Z4+Purdue!Z4 -> 238 | AA4: =IFERROR(Z4/B4,0) -> 0.3260274 | AC4: ="<tr><td>Makovicka</td><td>"&B4&"</td><td>"&C4&"</td><td>"&D4&"</td><td>"&E4&"</td><td>"&F4&"</td><td>"&G4&"</td><td>"&H4&"</td><td>"&I4&"</td><td>"&J4&"</td><td>"&K4&"</td><td>"&L4&"</td><td>"&M4&"</td><td>"&N4&"</td><td>"&TEXT(O4,"0.00")&"</td><td>"&Z4&"</td><td>"&TEXT(AA4,"0.00")&"</td></tr>" -> <tr><td>Makovicka</td><td>730</td><td>3</td><td>0</td><td>3</td><td>19</td><td>5</td><td>4</td><td>5</td><td>53</td><td>33</td><td>12</td><td>10</td><td>144</td><td>0.20</td><td>238</td><td>0.33</td></tr> | AT4: ="<tr><td>Makovicka</td><td>"&B4&"</td><td>"&P4&"</td><td>"&Q4&"</td><td>"&R4&"</td><td>"&S4&"</td><td>"&T4&"</td><td>"&U4&"</td><td>"&V4&"</td><td>"&W4&"</td><td>"&X4&"</td><td>"&TEXT(Y4,"0.00")&"</td><td>"&Z4&"</td><td>"&TEXT(AA4,"0.00")&"</td></tr>" -> <tr><td>Makovicka</td><td>730</td><td>9</td><td>17</td><td>9</td><td>1</td><td>2</td><td>5</td><td>23</td><td>28</td><td>94</td><td>0.13</td><td>238</td><td>0.33</td></tr>
A5: carson | B5: =Louisville!B5+SD!B5+ND!B5+Alabama!B5+UNO!B5+KSU!B5+Indiana!B5+Iowa!B5+Washington!B5+MSU!B5+Michigan!B5+Wisconsin!B5+Maryland!B5+Rutgers!B5+Illinois!B5+USC!B5+UCLA!B5+Purdue!B5 -> 452 | C5: =Louisville!C5+SD!C5+ND!C5+Alabama!C5+UNO!C5+KSU!C5+Indiana!C5+Iowa!C5+Washington!C5+MSU!C5+Michigan!C5+Wisconsin!C5+Maryland!C5+Rutgers!C5+Illinois!C5+USC!C5+UCLA!C5+Purdue!C5 -> 1 | D5: =Louisville!D5+SD!D5+ND!D5+Alabama!D5+UNO!D5+KSU!D5+Indiana!D5+Iowa!D5+Washington!D5+MSU!D5+Michigan!D5+Wisconsin!D5+Maryland!D5+Rutgers!D5+Illinois!D5+USC!D5+UCLA!D5+Purdue!D5 -> 0 | E5: =Louisville!E5+SD!E5+ND!E5+Alabama!E5+UNO!E5+KSU!E5+Indiana!E5+Iowa!E5+Washington!E5+MSU!E5+Michigan!E5+Wisconsin!E5+Maryland!E5+Rutgers!E5+Illinois!E5+USC!E5+UCLA!E5+Purdue!E5 -> 2 | F5: =Louisville!F5+SD!F5+ND!F5+Alabama!F5+UNO!F5+KSU!F5+Indiana!F5+Iowa!F5+Washington!F5+MSU!F5+Michigan!F5+Wisconsin!F5+Maryland!F5+Rutgers!F5+Illinois!F5+USC!F5+UCLA!F5+Purdue!F5 -> 15 | G5: =Louisville!G5+SD!G5+ND!G5+Alabama!G5+UNO!G5+KSU!G5+Indiana!G5+Iowa!G5+Washington!G5+MSU!G5+Michigan!G5+Wisconsin!G5+Maryland!G5+Rutgers!G5+Illinois!G5+USC!G5+UCLA!G5+Purdue!G5 -> 1 | H5: =Louisville!H5+SD!H5+ND!H5+Alabama!H5+UNO!H5+KSU!H5+Indiana!H5+Iowa!H5+Washington!H5+MSU!H5+Michigan!H5+Wisconsin!H5+Maryland!H5+Rutgers!H5+Illinois!H5+USC!H5+UCLA!H5+Purdue!H5 -> 10 | I5: =Louisville!I5+SD!I5+ND!I5+Alabama!I5+UNO!I5+KSU!I5+Indiana!I5+Iowa!I5+Washington!I5+MSU!I5+Michigan!I5+Wisconsin!I5+Maryland!I5+Rutgers!I5+Illinois!I5+USC!I5+UCLA!I5+Purdue!I5 -> 10 | ... N5: =Louisville!N5+SD!N5+ND!N5+Alabama!N5+UNO!N5+KSU!N5+Indiana!N5+Iowa!N5+Washington!N5+MSU!N5+Michigan!N5+Wisconsin!N5+Maryland!N5+Rutgers!N5+Illinois!N5+USC!N5+UCLA!N5+Purdue!N5 -> 70 | O5: =IFERROR(N5/B5,0) -> 0.15486726 | P5: =Louisville!P5+SD!P5+ND!P5+Alabama!P5+UNO!P5+KSU!P5+Indiana!P5+Iowa!P5+Washington!P5+MSU!P5+Michigan!P5+Wisconsin!P5+Maryland!P5+Rutgers!P5+Illinois!P5+USC!P5+UCLA!P5+Purdue!P5 -> 5 | Q5: =Louisville!Q5+SD!Q5+ND!Q5+Alabama!Q5+UNO!Q5+KSU!Q5+Indiana!Q5+Iowa!Q5+Washington!Q5+MSU!Q5+Michigan!Q5+Wisconsin!Q5+Maryland!Q5+Rutgers!Q5+Illinois!Q5+USC!Q5+UCLA!Q5+Purdue!Q5 -> 12 | R5: =Louisville!R5+SD!R5+ND!R5+Alabama!R5+UNO!R5+KSU!R5+Indiana!R5+Iowa!R5+Washington!R5+MSU!R5+Michigan!R5+Wisconsin!R5+Maryland!R5+Rutgers!R5+Illinois!R5+USC!R5+UCLA!R5+Purdue!R5 -> 7 | S5: =Louisville!S5+SD!S5+ND!S5+Alabama!S5+UNO!S5+KSU!S5+Indiana!S5+Iowa!S5+Washington!S5+MSU!S5+Michigan!S5+Wisconsin!S5+Maryland!S5+Rutgers!S5+Illinois!S5+USC!S5+UCLA!S5+Purdue!S5 -> 3 | T5: =Louisville!T5+SD!T5+ND!T5+Alabama!T5+UNO!T5+KSU!T5+Indiana!T5+Iowa!T5+Washington!T5+MSU!T5+Michigan!T5+Wisconsin!T5+Maryland!T5+Rutgers!T5+Illinois!T5+USC!T5+UCLA!T5+Purdue!T5 -> 6 | U5: =Louisville!U5+SD!U5+ND!U5+Alabama!U5+UNO!U5+KSU!U5+Indiana!U5+Iowa!U5+Washington!U5+MSU!U5+Michigan!U5+Wisconsin!U5+Maryland!U5+Rutgers!U5+Illinois!U5+USC!U5+UCLA!U5+Purdue!U5 -> 9 | V5: =Louisville!V5+SD!V5+ND!V5+Alabama!V5+UNO!V5+KSU!V5+Indiana!V5+Iowa!V5+Washington!V5+MSU!V5+Michigan!V5+Wisconsin!V5+Maryland!V5+Rutgers!V5+Illinois!V5+USC!V5+UCLA!V5+Purdue!V5 -> 5 | W5: =Louisville!W5+SD!W5+ND!W5+Alabama!W5+UNO!W5+KSU!W5+Indiana!W5+Iowa!W5+Washington!W5+MSU!W5+Michigan!W5+Wisconsin!W5+Maryland!W5+Rutgers!W5+Illinois!W5+USC!W5+UCLA!W5+Purdue!W5 -> 29 | X5: =Louisville!X5+SD!X5+ND!X5+Alabama!X5+UNO!X5+KSU!X5+Indiana!X5+Iowa!X5+Washington!X5+MSU!X5+Michigan!X5+Wisconsin!X5+Maryland!X5+Rutgers!X5+Illinois!X5+USC!X5+UCLA!X5+Purdue!X5 -> 76 | Y5: =IFERROR(X5/B5,0) -> 0.16814159 | Z5: =Louisville!Z5+SD!Z5+ND!Z5+Alabama!Z5+UNO!Z5+KSU!Z5+Indiana!Z5+Iowa!Z5+Washington!Z5+MSU!Z5+Michigan!Z5+Wisconsin!Z5+Maryland!Z5+Rutgers!Z5+Illinois!Z5+USC!Z5+UCLA!Z5+Purdue!Z5 -> 146 | AA5: =IFERROR(Z5/B5,0) -> 0.32300885 | AC5: ="<tr><td>Bohonek</td><td>"&B5&"</td><td>"&C5&"</td><td>"&D5&"</td><td>"&E5&"</td><td>"&F5&"</td><td>"&G5&"</td><td>"&H5&"</td><td>"&I5&"</td><td>"&J5&"</td><td>"&K5&"</td><td>"&L5&"</td><td>"&M5&"</td><td>"&N5&"</td><td>"&TEXT(O5,"0.00")&"</td><td>"&Z5&"</td><td>"&TEXT(AA5,"0.00")&"</td></tr>" -> <tr><td>Bohonek</td><td>452</td><td>1</td><td>0</td><td>2</td><td>15</td><td>1</td><td>10</td><td>10</td><td>15</td><td>7</td><td>5</td><td>5</td><td>70</td><td>0.15</td><td>146</td><td>0.32</td></tr> | AT5: ="<tr><td>Bohonek</td><td>"&B5&"</td><td>"&P5&"</td><td>"&Q5&"</td><td>"&R5&"</td><td>"&S5&"</td><td>"&T5&"</td><td>"&U5&"</td><td>"&V5&"</td><td>"&W5&"</td><td>"&X5&"</td><td>"&TEXT(Y5,"0.00")&"</td><td>"&Z5&"</td><td>"&TEXT(AA5,"0.00")&"</td></tr>" -> <tr><td>Bohonek</td><td>452</td><td>5</td><td>12</td><td>7</td><td>3</td><td>6</td><td>9</td><td>5</td><td>29</td><td>76</td><td>0.17</td><td>146</td><td>0.32</td></tr>
A6: charlie | B6: =Louisville!B6+SD!B6+ND!B6+Alabama!B6+UNO!B6+KSU!B6+Indiana!B6+Iowa!B6+Washington!B6+MSU!B6+Michigan!B6+Wisconsin!B6+Maryland!B6+Rutgers!B6+Illinois!B6+USC!B6+UCLA!B6+Purdue!B6 -> 77 | C6: =Louisville!C6+SD!C6+ND!C6+Alabama!C6+UNO!C6+KSU!C6+Indiana!C6+Iowa!C6+Washington!C6+MSU!C6+Michigan!C6+Wisconsin!C6+Maryland!C6+Rutgers!C6+Illinois!C6+USC!C6+UCLA!C6+Purdue!C6 -> 0 | D6: =Louisville!D6+SD!D6+ND!D6+Alabama!D6+UNO!D6+KSU!D6+Indiana!D6+Iowa!D6+Washington!D6+MSU!D6+Michigan!D6+Wisconsin!D6+Maryland!D6+Rutgers!D6+Illinois!D6+USC!D6+UCLA!D6+Purdue!D6 -> 0 | E6: =Louisville!E6+SD!E6+ND!E6+Alabama!E6+UNO!E6+KSU!E6+Indiana!E6+Iowa!E6+Washington!E6+MSU!E6+Michigan!E6+Wisconsin!E6+Maryland!E6+Rutgers!E6+Illinois!E6+USC!E6+UCLA!E6+Purdue!E6 -> 0 | F6: =Louisville!F6+SD!F6+ND!F6+Alabama!F6+UNO!F6+KSU!F6+Indiana!F6+Iowa!F6+Washington!F6+MSU!F6+Michigan!F6+Wisconsin!F6+Maryland!F6+Rutgers!F6+Illinois!F6+USC!F6+UCLA!F6+Purdue!F6 -> 0 | G6: =Louisville!G6+SD!G6+ND!G6+Alabama!G6+UNO!G6+KSU!G6+Indiana!G6+Iowa!G6+Washington!G6+MSU!G6+Michigan!G6+Wisconsin!G6+Maryland!G6+Rutgers!G6+Illinois!G6+USC!G6+UCLA!G6+Purdue!G6 -> 0 | H6: =Louisville!H6+SD!H6+ND!H6+Alabama!H6+UNO!H6+KSU!H6+Indiana!H6+Iowa!H6+Washington!H6+MSU!H6+Michigan!H6+Wisconsin!H6+Maryland!H6+Rutgers!H6+Illinois!H6+USC!H6+UCLA!H6+Purdue!H6 -> 2 | I6: =Louisville!I6+SD!I6+ND!I6+Alabama!I6+UNO!I6+KSU!I6+Indiana!I6+Iowa!I6+Washington!I6+MSU!I6+Michigan!I6+Wisconsin!I6+Maryland!I6+Rutgers!I6+Illinois!I6+USC!I6+UCLA!I6+Purdue!I6 -> 2 | ... N6: =Louisville!N6+SD!N6+ND!N6+Alabama!N6+UNO!N6+KSU!N6+Indiana!N6+Iowa!N6+Washington!N6+MSU!N6+Michigan!N6+Wisconsin!N6+Maryland!N6+Rutgers!N6+Illinois!N6+USC!N6+UCLA!N6+Purdue!N6 -> 6 | O6: =IFERROR(N6/B6,0) -> 0.077922078 | P6: =Louisville!P6+SD!P6+ND!P6+Alabama!P6+UNO!P6+KSU!P6+Indiana!P6+Iowa!P6+Washington!P6+MSU!P6+Michigan!P6+Wisconsin!P6+Maryland!P6+Rutgers!P6+Illinois!P6+USC!P6+UCLA!P6+Purdue!P6 -> 0 | Q6: =Louisville!Q6+SD!Q6+ND!Q6+Alabama!Q6+UNO!Q6+KSU!Q6+Indiana!Q6+Iowa!Q6+Washington!Q6+MSU!Q6+Michigan!Q6+Wisconsin!Q6+Maryland!Q6+Rutgers!Q6+Illinois!Q6+USC!Q6+UCLA!Q6+Purdue!Q6 -> 3 | R6: =Louisville!R6+SD!R6+ND!R6+Alabama!R6+UNO!R6+KSU!R6+Indiana!R6+Iowa!R6+Washington!R6+MSU!R6+Michigan!R6+Wisconsin!R6+Maryland!R6+Rutgers!R6+Illinois!R6+USC!R6+UCLA!R6+Purdue!R6 -> 1 | S6: =Louisville!S6+SD!S6+ND!S6+Alabama!S6+UNO!S6+KSU!S6+Indiana!S6+Iowa!S6+Washington!S6+MSU!S6+Michigan!S6+Wisconsin!S6+Maryland!S6+Rutgers!S6+Illinois!S6+USC!S6+UCLA!S6+Purdue!S6 -> 0 | T6: =Louisville!T6+SD!T6+ND!T6+Alabama!T6+UNO!T6+KSU!T6+Indiana!T6+Iowa!T6+Washington!T6+MSU!T6+Michigan!T6+Wisconsin!T6+Maryland!T6+Rutgers!T6+Illinois!T6+USC!T6+UCLA!T6+Purdue!T6 -> 0 | U6: =Louisville!U6+SD!U6+ND!U6+Alabama!U6+UNO!U6+KSU!U6+Indiana!U6+Iowa!U6+Washington!U6+MSU!U6+Michigan!U6+Wisconsin!U6+Maryland!U6+Rutgers!U6+Illinois!U6+USC!U6+UCLA!U6+Purdue!U6 -> 2 | V6: =Louisville!V6+SD!V6+ND!V6+Alabama!V6+UNO!V6+KSU!V6+Indiana!V6+Iowa!V6+Washington!V6+MSU!V6+Michigan!V6+Wisconsin!V6+Maryland!V6+Rutgers!V6+Illinois!V6+USC!V6+UCLA!V6+Purdue!V6 -> 1 | W6: =Louisville!W6+SD!W6+ND!W6+Alabama!W6+UNO!W6+KSU!W6+Indiana!W6+Iowa!W6+Washington!W6+MSU!W6+Michigan!W6+Wisconsin!W6+Maryland!W6+Rutgers!W6+Illinois!W6+USC!W6+UCLA!W6+Purdue!W6 -> 8 | X6: =Louisville!X6+SD!X6+ND!X6+Alabama!X6+UNO!X6+KSU!X6+Indiana!X6+Iowa!X6+Washington!X6+MSU!X6+Michigan!X6+Wisconsin!X6+Maryland!X6+Rutgers!X6+Illinois!X6+USC!X6+UCLA!X6+Purdue!X6 -> 15 | Y6: =IFERROR(X6/B6,0) -> 0.19480519 | Z6: =Louisville!Z6+SD!Z6+ND!Z6+Alabama!Z6+UNO!Z6+KSU!Z6+Indiana!Z6+Iowa!Z6+Washington!Z6+MSU!Z6+Michigan!Z6+Wisconsin!Z6+Maryland!Z6+Rutgers!Z6+Illinois!Z6+USC!Z6+UCLA!Z6+Purdue!Z6 -> 21 | AA6: =IFERROR(Z6/B6,0) -> 0.27272727 | AC6: ="<tr><td>Wistrom</td><td>"&B6&"</td><td>"&C6&"</td><td>"&D6&"</td><td>"&E6&"</td><td>"&F6&"</td><td>"&G6&"</td><td>"&H6&"</td><td>"&I6&"</td><td>"&J6&"</td><td>"&K6&"</td><td>"&L6&"</td><td>"&M6&"</td><td>"&N6&"</td><td>"&TEXT(O6,"0.00")&"</td><td>"&Z6&"</td><td>"&TEXT(AA6,"0.00")&"</td></tr>" -> <tr><td>Wistrom</td><td>77</td><td>0</td><td>0</td><td>0</td><td>0</td><td>0</td><td>2</td><td>2</td><td>1</td><td>1</td><td>0</td><td>0</td><td>6</td><td>0.08</td><td>21</td><td>0.27</td></tr> | AT6: ="<tr><td>Wistrom</td><td>"&B6&"</td><td>"&P6&"</td><td>"&Q6&"</td><td>"&R6&"</td><td>"&S6&"</td><td>"&T6&"</td><td>"&U6&"</td><td>"&V6&"</td><td>"&W6&"</td><td>"&X6&"</td><td>"&TEXT(Y6,"0.00")&"</td><td>"&Z6&"</td><td>"&TEXT(AA6,"0.00")&"</td></tr>" -> <tr><td>Wistrom</td><td>77</td><td>0</td><td>3</td><td>1</td><td>0</td><td>0</td><td>2</td><td>1</td><td>8</td><td>15</td><td>0.19</td><td>21</td><td>0.27</td></tr>
A7: dons | B7: =Louisville!B7+SD!B7+ND!B7+Alabama!B7+UNO!B7+KSU!B7+Indiana!B7+Iowa!B7+Washington!B7+MSU!B7+Michigan!B7+Wisconsin!B7+Maryland!B7+Rutgers!B7+Illinois!B7+USC!B7+UCLA!B7+Purdue!B7 -> 857 | C7: =Louisville!C7+SD!C7+ND!C7+Alabama!C7+UNO!C7+KSU!C7+Indiana!C7+Iowa!C7+Washington!C7+MSU!C7+Michigan!C7+Wisconsin!C7+Maryland!C7+Rutgers!C7+Illinois!C7+USC!C7+UCLA!C7+Purdue!C7 -> 1 | D7: =Louisville!D7+SD!D7+ND!D7+Alabama!D7+UNO!D7+KSU!D7+Indiana!D7+Iowa!D7+Washington!D7+MSU!D7+Michigan!D7+Wisconsin!D7+Maryland!D7+Rutgers!D7+Illinois!D7+USC!D7+UCLA!D7+Purdue!D7 -> 0 | E7: =Louisville!E7+SD!E7+ND!E7+Alabama!E7+UNO!E7+KSU!E7+Indiana!E7+Iowa!E7+Washington!E7+MSU!E7+Michigan!E7+Wisconsin!E7+Maryland!E7+Rutgers!E7+Illinois!E7+USC!E7+UCLA!E7+Purdue!E7 -> 4 | F7: =Louisville!F7+SD!F7+ND!F7+Alabama!F7+UNO!F7+KSU!F7+Indiana!F7+Iowa!F7+Washington!F7+MSU!F7+Michigan!F7+Wisconsin!F7+Maryland!F7+Rutgers!F7+Illinois!F7+USC!F7+UCLA!F7+Purdue!F7 -> 48 | G7: =Louisville!G7+SD!G7+ND!G7+Alabama!G7+UNO!G7+KSU!G7+Indiana!G7+Iowa!G7+Washington!G7+MSU!G7+Michigan!G7+Wisconsin!G7+Maryland!G7+Rutgers!G7+Illinois!G7+USC!G7+UCLA!G7+Purdue!G7 -> 0 | H7: =Louisville!H7+SD!H7+ND!H7+Alabama!H7+UNO!H7+KSU!H7+Indiana!H7+Iowa!H7+Washington!H7+MSU!H7+Michigan!H7+Wisconsin!H7+Maryland!H7+Rutgers!H7+Illinois!H7+USC!H7+UCLA!H7+Purdue!H7 -> 12 | I7: =Louisville!I7+SD!I7+ND!I7+Alabama!I7+UNO!I7+KSU!I7+Indiana!I7+Iowa!I7+Washington!I7+MSU!I7+Michigan!I7+Wisconsin!I7+Maryland!I7+Rutgers!I7+Illinois!I7+USC!I7+UCLA!I7+Purdue!I7 -> 18 | ... N7: =Louisville!N7+SD!N7+ND!N7+Alabama!N7+UNO!N7+KSU!N7+Indiana!N7+Iowa!N7+Washington!N7+MSU!N7+Michigan!N7+Wisconsin!N7+Maryland!N7+Rutgers!N7+Illinois!N7+USC!N7+UCLA!N7+Purdue!N7 -> 102 | O7: =IFERROR(N7/B7,0) -> 0.11901984 | P7: =Louisville!P7+SD!P7+ND!P7+Alabama!P7+UNO!P7+KSU!P7+Indiana!P7+Iowa!P7+Washington!P7+MSU!P7+Michigan!P7+Wisconsin!P7+Maryland!P7+Rutgers!P7+Illinois!P7+USC!P7+UCLA!P7+Purdue!P7 -> 30 | Q7: =Louisville!Q7+SD!Q7+ND!Q7+Alabama!Q7+UNO!Q7+KSU!Q7+Indiana!Q7+Iowa!Q7+Washington!Q7+MSU!Q7+Michigan!Q7+Wisconsin!Q7+Maryland!Q7+Rutgers!Q7+Illinois!Q7+USC!Q7+UCLA!Q7+Purdue!Q7 -> 46 | R7: =Louisville!R7+SD!R7+ND!R7+Alabama!R7+UNO!R7+KSU!R7+Indiana!R7+Iowa!R7+Washington!R7+MSU!R7+Michigan!R7+Wisconsin!R7+Maryland!R7+Rutgers!R7+Illinois!R7+USC!R7+UCLA!R7+Purdue!R7 -> 25 | S7: =Louisville!S7+SD!S7+ND!S7+Alabama!S7+UNO!S7+KSU!S7+Indiana!S7+Iowa!S7+Washington!S7+MSU!S7+Michigan!S7+Wisconsin!S7+Maryland!S7+Rutgers!S7+Illinois!S7+USC!S7+UCLA!S7+Purdue!S7 -> 17 | T7: =Louisville!T7+SD!T7+ND!T7+Alabama!T7+UNO!T7+KSU!T7+Indiana!T7+Iowa!T7+Washington!T7+MSU!T7+Michigan!T7+Wisconsin!T7+Maryland!T7+Rutgers!T7+Illinois!T7+USC!T7+UCLA!T7+Purdue!T7 -> 12 | U7: =Louisville!U7+SD!U7+ND!U7+Alabama!U7+UNO!U7+KSU!U7+Indiana!U7+Iowa!U7+Washington!U7+MSU!U7+Michigan!U7+Wisconsin!U7+Maryland!U7+Rutgers!U7+Illinois!U7+USC!U7+UCLA!U7+Purdue!U7 -> 5 | V7: =Louisville!V7+SD!V7+ND!V7+Alabama!V7+UNO!V7+KSU!V7+Indiana!V7+Iowa!V7+Washington!V7+MSU!V7+Michigan!V7+Wisconsin!V7+Maryland!V7+Rutgers!V7+Illinois!V7+USC!V7+UCLA!V7+Purdue!V7 -> 56 | W7: =Louisville!W7+SD!W7+ND!W7+Alabama!W7+UNO!W7+KSU!W7+Indiana!W7+Iowa!W7+Washington!W7+MSU!W7+Michigan!W7+Wisconsin!W7+Maryland!W7+Rutgers!W7+Illinois!W7+USC!W7+UCLA!W7+Purdue!W7 -> 41 | X7: =Louisville!X7+SD!X7+ND!X7+Alabama!X7+UNO!X7+KSU!X7+Indiana!X7+Iowa!X7+Washington!X7+MSU!X7+Michigan!X7+Wisconsin!X7+Maryland!X7+Rutgers!X7+Illinois!X7+USC!X7+UCLA!X7+Purdue!X7 -> 232 | Y7: =IFERROR(X7/B7,0) -> 0.27071179 | Z7: =Louisville!Z7+SD!Z7+ND!Z7+Alabama!Z7+UNO!Z7+KSU!Z7+Indiana!Z7+Iowa!Z7+Washington!Z7+MSU!Z7+Michigan!Z7+Wisconsin!Z7+Maryland!Z7+Rutgers!Z7+Illinois!Z7+USC!Z7+UCLA!Z7+Purdue!Z7 -> 334 | AA7: =IFERROR(Z7/B7,0) -> 0.38973162 | AC7: ="<tr><td>Donnelly</td><td>"&B7&"</td><td>"&C7&"</td><td>"&D7&"</td><td>"&E7&"</td><td>"&F7&"</td><td>"&G7&"</td><td>"&H7&"</td><td>"&I7&"</td><td>"&J7&"</td><td>"&K7&"</td><td>"&L7&"</td><td>"&M7&"</td><td>"&N7&"</td><td>"&TEXT(O7,"0.00")&"</td><td>"&Z7&"</td><td>"&TEXT(AA7,"0.00")&"</td></tr>" -> <tr><td>Donnelly</td><td>857</td><td>1</td><td>0</td><td>4</td><td>48</td><td>0</td><td>12</td><td>18</td><td>4</td><td>5</td><td>8</td><td>2</td><td>102</td><td>0.12</td><td>334</td><td>0.39</td></tr> | AT7: ="<tr><td>Donnelly</td><td>"&B7&"</td><td>"&P7&"</td><td>"&Q7&"</td><td>"&R7&"</td><td>"&S7&"</td><td>"&T7&"</td><td>"&U7&"</td><td>"&V7&"</td><td>"&W7&"</td><td>"&X7&"</td><td>"&TEXT(Y7,"0.00")&"</td><td>"&Z7&"</td><td>"&TEXT(AA7,"0.00")&"</td></tr>" -> <tr><td>Donnelly</td><td>857</td><td>30</td><td>46</td><td>25</td><td>17</td><td>12</td><td>5</td><td>56</td><td>41</td><td>232</td><td>0.27</td><td>334</td><td>0.39</td></tr>
A8: droz | B8: =Louisville!B8+SD!B8+ND!B8+Alabama!B8+UNO!B8+KSU!B8+Indiana!B8+Iowa!B8+Washington!B8+MSU!B8+Michigan!B8+Wisconsin!B8+Maryland!B8+Rutgers!B8+Illinois!B8+USC!B8+UCLA!B8+Purdue!B8 -> 84 | C8: =Louisville!C8+SD!C8+ND!C8+Alabama!C8+UNO!C8+KSU!C8+Indiana!C8+Iowa!C8+Washington!C8+MSU!C8+Michigan!C8+Wisconsin!C8+Maryland!C8+Rutgers!C8+Illinois!C8+USC!C8+UCLA!C8+Purdue!C8 -> 0 | D8: =Louisville!D8+SD!D8+ND!D8+Alabama!D8+UNO!D8+KSU!D8+Indiana!D8+Iowa!D8+Washington!D8+MSU!D8+Michigan!D8+Wisconsin!D8+Maryland!D8+Rutgers!D8+Illinois!D8+USC!D8+UCLA!D8+Purdue!D8 -> 0 | E8: =Louisville!E8+SD!E8+ND!E8+Alabama!E8+UNO!E8+KSU!E8+Indiana!E8+Iowa!E8+Washington!E8+MSU!E8+Michigan!E8+Wisconsin!E8+Maryland!E8+Rutgers!E8+Illinois!E8+USC!E8+UCLA!E8+Purdue!E8 -> 1 | F8: =Louisville!F8+SD!F8+ND!F8+Alabama!F8+UNO!F8+KSU!F8+Indiana!F8+Iowa!F8+Washington!F8+MSU!F8+Michigan!F8+Wisconsin!F8+Maryland!F8+Rutgers!F8+Illinois!F8+USC!F8+UCLA!F8+Purdue!F8 -> 3 | G8: =Louisville!G8+SD!G8+ND!G8+Alabama!G8+UNO!G8+KSU!G8+Indiana!G8+Iowa!G8+Washington!G8+MSU!G8+Michigan!G8+Wisconsin!G8+Maryland!G8+Rutgers!G8+Illinois!G8+USC!G8+UCLA!G8+Purdue!G8 -> 1 | H8: =Louisville!H8+SD!H8+ND!H8+Alabama!H8+UNO!H8+KSU!H8+Indiana!H8+Iowa!H8+Washington!H8+MSU!H8+Michigan!H8+Wisconsin!H8+Maryland!H8+Rutgers!H8+Illinois!H8+USC!H8+UCLA!H8+Purdue!H8 -> 1 | I8: =Louisville!I8+SD!I8+ND!I8+Alabama!I8+UNO!I8+KSU!I8+Indiana!I8+Iowa!I8+Washington!I8+MSU!I8+Michigan!I8+Wisconsin!I8+Maryland!I8+Rutgers!I8+Illinois!I8+USC!I8+UCLA!I8+Purdue!I8 -> 2 | ... N8: =Louisville!N8+SD!N8+ND!N8+Alabama!N8+UNO!N8+KSU!N8+Indiana!N8+Iowa!N8+Washington!N8+MSU!N8+Michigan!N8+Wisconsin!N8+Maryland!N8+Rutgers!N8+Illinois!N8+USC!N8+UCLA!N8+Purdue!N8 -> 13 | O8: =IFERROR(N8/B8,0) -> 0.1547619 | P8: =Louisville!P8+SD!P8+ND!P8+Alabama!P8+UNO!P8+KSU!P8+Indiana!P8+Iowa!P8+Washington!P8+MSU!P8+Michigan!P8+Wisconsin!P8+Maryland!P8+Rutgers!P8+Illinois!P8+USC!P8+UCLA!P8+Purdue!P8 -> 3 | Q8: =Louisville!Q8+SD!Q8+ND!Q8+Alabama!Q8+UNO!Q8+KSU!Q8+Indiana!Q8+Iowa!Q8+Washington!Q8+MSU!Q8+Michigan!Q8+Wisconsin!Q8+Maryland!Q8+Rutgers!Q8+Illinois!Q8+USC!Q8+UCLA!Q8+Purdue!Q8 -> 2 | R8: =Louisville!R8+SD!R8+ND!R8+Alabama!R8+UNO!R8+KSU!R8+Indiana!R8+Iowa!R8+Washington!R8+MSU!R8+Michigan!R8+Wisconsin!R8+Maryland!R8+Rutgers!R8+Illinois!R8+USC!R8+UCLA!R8+Purdue!R8 -> 3 | S8: =Louisville!S8+SD!S8+ND!S8+Alabama!S8+UNO!S8+KSU!S8+Indiana!S8+Iowa!S8+Washington!S8+MSU!S8+Michigan!S8+Wisconsin!S8+Maryland!S8+Rutgers!S8+Illinois!S8+USC!S8+UCLA!S8+Purdue!S8 -> 1 | T8: =Louisville!T8+SD!T8+ND!T8+Alabama!T8+UNO!T8+KSU!T8+Indiana!T8+Iowa!T8+Washington!T8+MSU!T8+Michigan!T8+Wisconsin!T8+Maryland!T8+Rutgers!T8+Illinois!T8+USC!T8+UCLA!T8+Purdue!T8 -> 0 | U8: =Louisville!U8+SD!U8+ND!U8+Alabama!U8+UNO!U8+KSU!U8+Indiana!U8+Iowa!U8+Washington!U8+MSU!U8+Michigan!U8+Wisconsin!U8+Maryland!U8+Rutgers!U8+Illinois!U8+USC!U8+UCLA!U8+Purdue!U8 -> 0 | V8: =Louisville!V8+SD!V8+ND!V8+Alabama!V8+UNO!V8+KSU!V8+Indiana!V8+Iowa!V8+Washington!V8+MSU!V8+Michigan!V8+Wisconsin!V8+Maryland!V8+Rutgers!V8+Illinois!V8+USC!V8+UCLA!V8+Purdue!V8 -> 2 | W8: =Louisville!W8+SD!W8+ND!W8+Alabama!W8+UNO!W8+KSU!W8+Indiana!W8+Iowa!W8+Washington!W8+MSU!W8+Michigan!W8+Wisconsin!W8+Maryland!W8+Rutgers!W8+Illinois!W8+USC!W8+UCLA!W8+Purdue!W8 -> 6 | X8: =Louisville!X8+SD!X8+ND!X8+Alabama!X8+UNO!X8+KSU!X8+Indiana!X8+Iowa!X8+Washington!X8+MSU!X8+Michigan!X8+Wisconsin!X8+Maryland!X8+Rutgers!X8+Illinois!X8+USC!X8+UCLA!X8+Purdue!X8 -> 17 | Y8: =IFERROR(X8/B8,0) -> 0.20238095 | Z8: =Louisville!Z8+SD!Z8+ND!Z8+Alabama!Z8+UNO!Z8+KSU!Z8+Indiana!Z8+Iowa!Z8+Washington!Z8+MSU!Z8+Michigan!Z8+Wisconsin!Z8+Maryland!Z8+Rutgers!Z8+Illinois!Z8+USC!Z8+UCLA!Z8+Purdue!Z8 -> 30 | AA8: =IFERROR(Z8/B8,0) -> 0.35714286 | AC8: ="<tr><td>Drozda</td><td>"&B8&"</td><td>"&C8&"</td><td>"&D8&"</td><td>"&E8&"</td><td>"&F8&"</td><td>"&G8&"</td><td>"&H8&"</td><td>"&I8&"</td><td>"&J8&"</td><td>"&K8&"</td><td>"&L8&"</td><td>"&M8&"</td><td>"&N8&"</td><td>"&TEXT(O8,"0.00")&"</td><td>"&Z8&"</td><td>"&TEXT(AA8,"0.00")&"</td></tr>" -> <tr><td>Drozda</td><td>84</td><td>0</td><td>0</td><td>1</td><td>3</td><td>1</td><td>1</td><td>2</td><td>0</td><td>2</td><td>2</td><td>1</td><td>13</td><td>0.15</td><td>30</td><td>0.36</td></tr> | AT8: ="<tr><td>Drozda</td><td>"&B8&"</td><td>"&P8&"</td><td>"&Q8&"</td><td>"&R8&"</td><td>"&S8&"</td><td>"&T8&"</td><td>"&U8&"</td><td>"&V8&"</td><td>"&W8&"</td><td>"&X8&"</td><td>"&TEXT(Y8,"0.00")&"</td><td>"&Z8&"</td><td>"&TEXT(AA8,"0.00")&"</td></tr>" -> <tr><td>Drozda</td><td>84</td><td>3</td><td>2</td><td>3</td><td>1</td><td>0</td><td>0</td><td>2</td><td>6</td><td>17</td><td>0.20</td><td>30</td><td>0.36</td></tr>
A9: ella g | B9: =Louisville!B9+SD!B9+ND!B9+Alabama!B9+UNO!B9+KSU!B9+Indiana!B9+Iowa!B9+Washington!B9+MSU!B9+Michigan!B9+Wisconsin!B9+Maryland!B9+Rutgers!B9+Illinois!B9+USC!B9+UCLA!B9+Purdue!B9 -> 338 | C9: =Louisville!C9+SD!C9+ND!C9+Alabama!C9+UNO!C9+KSU!C9+Indiana!C9+Iowa!C9+Washington!C9+MSU!C9+Michigan!C9+Wisconsin!C9+Maryland!C9+Rutgers!C9+Illinois!C9+USC!C9+UCLA!C9+Purdue!C9 -> 1 | D9: =Louisville!D9+SD!D9+ND!D9+Alabama!D9+UNO!D9+KSU!D9+Indiana!D9+Iowa!D9+Washington!D9+MSU!D9+Michigan!D9+Wisconsin!D9+Maryland!D9+Rutgers!D9+Illinois!D9+USC!D9+UCLA!D9+Purdue!D9 -> 1 | E9: =Louisville!E9+SD!E9+ND!E9+Alabama!E9+UNO!E9+KSU!E9+Indiana!E9+Iowa!E9+Washington!E9+MSU!E9+Michigan!E9+Wisconsin!E9+Maryland!E9+Rutgers!E9+Illinois!E9+USC!E9+UCLA!E9+Purdue!E9 -> 1 | F9: =Louisville!F9+SD!F9+ND!F9+Alabama!F9+UNO!F9+KSU!F9+Indiana!F9+Iowa!F9+Washington!F9+MSU!F9+Michigan!F9+Wisconsin!F9+Maryland!F9+Rutgers!F9+Illinois!F9+USC!F9+UCLA!F9+Purdue!F9 -> 20 | G9: =Louisville!G9+SD!G9+ND!G9+Alabama!G9+UNO!G9+KSU!G9+Indiana!G9+Iowa!G9+Washington!G9+MSU!G9+Michigan!G9+Wisconsin!G9+Maryland!G9+Rutgers!G9+Illinois!G9+USC!G9+UCLA!G9+Purdue!G9 -> 0 | H9: =Louisville!H9+SD!H9+ND!H9+Alabama!H9+UNO!H9+KSU!H9+Indiana!H9+Iowa!H9+Washington!H9+MSU!H9+Michigan!H9+Wisconsin!H9+Maryland!H9+Rutgers!H9+Illinois!H9+USC!H9+UCLA!H9+Purdue!H9 -> 3 | I9: =Louisville!I9+SD!I9+ND!I9+Alabama!I9+UNO!I9+KSU!I9+Indiana!I9+Iowa!I9+Washington!I9+MSU!I9+Michigan!I9+Wisconsin!I9+Maryland!I9+Rutgers!I9+Illinois!I9+USC!I9+UCLA!I9+Purdue!I9 -> 12 | ... N9: =Louisville!N9+SD!N9+ND!N9+Alabama!N9+UNO!N9+KSU!N9+Indiana!N9+Iowa!N9+Washington!N9+MSU!N9+Michigan!N9+Wisconsin!N9+Maryland!N9+Rutgers!N9+Illinois!N9+USC!N9+UCLA!N9+Purdue!N9 -> 57 | O9: =IFERROR(N9/B9,0) -> 0.16863905 | P9: =Louisville!P9+SD!P9+ND!P9+Alabama!P9+UNO!P9+KSU!P9+Indiana!P9+Iowa!P9+Washington!P9+MSU!P9+Michigan!P9+Wisconsin!P9+Maryland!P9+Rutgers!P9+Illinois!P9+USC!P9+UCLA!P9+Purdue!P9 -> 4 | Q9: =Louisville!Q9+SD!Q9+ND!Q9+Alabama!Q9+UNO!Q9+KSU!Q9+Indiana!Q9+Iowa!Q9+Washington!Q9+MSU!Q9+Michigan!Q9+Wisconsin!Q9+Maryland!Q9+Rutgers!Q9+Illinois!Q9+USC!Q9+UCLA!Q9+Purdue!Q9 -> 21 | R9: =Louisville!R9+SD!R9+ND!R9+Alabama!R9+UNO!R9+KSU!R9+Indiana!R9+Iowa!R9+Washington!R9+MSU!R9+Michigan!R9+Wisconsin!R9+Maryland!R9+Rutgers!R9+Illinois!R9+USC!R9+UCLA!R9+Purdue!R9 -> 10 | S9: =Louisville!S9+SD!S9+ND!S9+Alabama!S9+UNO!S9+KSU!S9+Indiana!S9+Iowa!S9+Washington!S9+MSU!S9+Michigan!S9+Wisconsin!S9+Maryland!S9+Rutgers!S9+Illinois!S9+USC!S9+UCLA!S9+Purdue!S9 -> 0 | T9: =Louisville!T9+SD!T9+ND!T9+Alabama!T9+UNO!T9+KSU!T9+Indiana!T9+Iowa!T9+Washington!T9+MSU!T9+Michigan!T9+Wisconsin!T9+Maryland!T9+Rutgers!T9+Illinois!T9+USC!T9+UCLA!T9+Purdue!T9 -> 4 | U9: =Louisville!U9+SD!U9+ND!U9+Alabama!U9+UNO!U9+KSU!U9+Indiana!U9+Iowa!U9+Washington!U9+MSU!U9+Michigan!U9+Wisconsin!U9+Maryland!U9+Rutgers!U9+Illinois!U9+USC!U9+UCLA!U9+Purdue!U9 -> 5 | V9: =Louisville!V9+SD!V9+ND!V9+Alabama!V9+UNO!V9+KSU!V9+Indiana!V9+Iowa!V9+Washington!V9+MSU!V9+Michigan!V9+Wisconsin!V9+Maryland!V9+Rutgers!V9+Illinois!V9+USC!V9+UCLA!V9+Purdue!V9 -> 19 | W9: =Louisville!W9+SD!W9+ND!W9+Alabama!W9+UNO!W9+KSU!W9+Indiana!W9+Iowa!W9+Washington!W9+MSU!W9+Michigan!W9+Wisconsin!W9+Maryland!W9+Rutgers!W9+Illinois!W9+USC!W9+UCLA!W9+Purdue!W9 -> 17 | X9: =Louisville!X9+SD!X9+ND!X9+Alabama!X9+UNO!X9+KSU!X9+Indiana!X9+Iowa!X9+Washington!X9+MSU!X9+Michigan!X9+Wisconsin!X9+Maryland!X9+Rutgers!X9+Illinois!X9+USC!X9+UCLA!X9+Purdue!X9 -> 80 | Y9: =IFERROR(X9/B9,0) -> 0.23668639 | Z9: =Louisville!Z9+SD!Z9+ND!Z9+Alabama!Z9+UNO!Z9+KSU!Z9+Indiana!Z9+Iowa!Z9+Washington!Z9+MSU!Z9+Michigan!Z9+Wisconsin!Z9+Maryland!Z9+Rutgers!Z9+Illinois!Z9+USC!Z9+UCLA!Z9+Purdue!Z9 -> 137 | AA9: =IFERROR(Z9/B9,0) -> 0.40532544 | AC9: ="<tr><td>Guyott</td><td>"&B9&"</td><td>"&C9&"</td><td>"&D9&"</td><td>"&E9&"</td><td>"&F9&"</td><td>"&G9&"</td><td>"&H9&"</td><td>"&I9&"</td><td>"&J9&"</td><td>"&K9&"</td><td>"&L9&"</td><td>"&M9&"</td><td>"&N9&"</td><td>"&TEXT(O9,"0.00")&"</td><td>"&Z9&"</td><td>"&TEXT(AA9,"0.00")&"</td></tr>" -> <tr><td>Guyott</td><td>338</td><td>1</td><td>1</td><td>1</td><td>20</td><td>0</td><td>3</td><td>12</td><td>3</td><td>13</td><td>1</td><td>2</td><td>57</td><td>0.17</td><td>137</td><td>0.41</td></tr> | AT9: ="<tr><td>Guyott</td><td>"&B9&"</td><td>"&P9&"</td><td>"&Q9&"</td><td>"&R9&"</td><td>"&S9&"</td><td>"&T9&"</td><td>"&U9&"</td><td>"&V9&"</td><td>"&W9&"</td><td>"&X9&"</td><td>"&TEXT(Y9,"0.00")&"</td><td>"&Z9&"</td><td>"&TEXT(AA9,"0.00")&"</td></tr>" -> <tr><td>Guyott</td><td>338</td><td>4</td><td>21</td><td>10</td><td>0</td><td>4</td><td>5</td><td>19</td><td>17</td><td>80</td><td>0.24</td><td>137</td><td>0.41</td></tr>
A10: ella r | B10: =Louisville!B10+SD!B10+ND!B10+Alabama!B10+UNO!B10+KSU!B10+Indiana!B10+Iowa!B10+Washington!B10+MSU!B10+Michigan!B10+Wisconsin!B10+Maryland!B10+Rutgers!B10+Illinois!B10+USC!B10+UCLA!B10+Purdue!B10 -> 751 | C10: =Louisville!C10+SD!C10+ND!C10+Alabama!C10+UNO!C10+KSU!C10+Indiana!C10+Iowa!C10+Washington!C10+MSU!C10+Michigan!C10+Wisconsin!C10+Maryland!C10+Rutgers!C10+Illinois!C10+USC!C10+UCLA!C10+Purdue!C10 -> 1 | D10: =Louisville!D10+SD!D10+ND!D10+Alabama!D10+UNO!D10+KSU!D10+Indiana!D10+Iowa!D10+Washington!D10+MSU!D10+Michigan!D10+Wisconsin!D10+Maryland!D10+Rutgers!D10+Illinois!D10+USC!D10+UCLA!D10+Purdue!D10 -> 2 | E10: =Louisville!E10+SD!E10+ND!E10+Alabama!E10+UNO!E10+KSU!E10+Indiana!E10+Iowa!E10+Washington!E10+MSU!E10+Michigan!E10+Wisconsin!E10+Maryland!E10+Rutgers!E10+Illinois!E10+USC!E10+UCLA!E10+Purdue!E10 -> 6 | F10: =Louisville!F10+SD!F10+ND!F10+Alabama!F10+UNO!F10+KSU!F10+Indiana!F10+Iowa!F10+Washington!F10+MSU!F10+Michigan!F10+Wisconsin!F10+Maryland!F10+Rutgers!F10+Illinois!F10+USC!F10+UCLA!F10+Purdue!F10 -> 17 | G10: =Louisville!G10+SD!G10+ND!G10+Alabama!G10+UNO!G10+KSU!G10+Indiana!G10+Iowa!G10+Washington!G10+MSU!G10+Michigan!G10+Wisconsin!G10+Maryland!G10+Rutgers!G10+Illinois!G10+USC!G10+UCLA!G10+Purdue!G10 -> 7 | H10: =Louisville!H10+SD!H10+ND!H10+Alabama!H10+UNO!H10+KSU!H10+Indiana!H10+Iowa!H10+Washington!H10+MSU!H10+Michigan!H10+Wisconsin!H10+Maryland!H10+Rutgers!H10+Illinois!H10+USC!H10+UCLA!H10+Purdue!H10 -> 5 | I10: =Louisville!I10+SD!I10+ND!I10+Alabama!I10+UNO!I10+KSU!I10+Indiana!I10+Iowa!I10+Washington!I10+MSU!I10+Michigan!I10+Wisconsin!I10+Maryland!I10+Rutgers!I10+Illinois!I10+USC!I10+UCLA!I10+Purdue!I10 -> 10 | ... N10: =Louisville!N10+SD!N10+ND!N10+Alabama!N10+UNO!N10+KSU!N10+Indiana!N10+Iowa!N10+Washington!N10+MSU!N10+Michigan!N10+Wisconsin!N10+Maryland!N10+Rutgers!N10+Illinois!N10+USC!N10+UCLA!N10+Purdue!N10 -> 96 | O10: =IFERROR(N10/B10,0) -> 0.12782956 | P10: =Louisville!P10+SD!P10+ND!P10+Alabama!P10+UNO!P10+KSU!P10+Indiana!P10+Iowa!P10+Washington!P10+MSU!P10+Michigan!P10+Wisconsin!P10+Maryland!P10+Rutgers!P10+Illinois!P10+USC!P10+UCLA!P10+Purdue!P10 -> 15 | Q10: =Louisville!Q10+SD!Q10+ND!Q10+Alabama!Q10+UNO!Q10+KSU!Q10+Indiana!Q10+Iowa!Q10+Washington!Q10+MSU!Q10+Michigan!Q10+Wisconsin!Q10+Maryland!Q10+Rutgers!Q10+Illinois!Q10+USC!Q10+UCLA!Q10+Purdue!Q10 -> 13 | R10: =Louisville!R10+SD!R10+ND!R10+Alabama!R10+UNO!R10+KSU!R10+Indiana!R10+Iowa!R10+Washington!R10+MSU!R10+Michigan!R10+Wisconsin!R10+Maryland!R10+Rutgers!R10+Illinois!R10+USC!R10+UCLA!R10+Purdue!R10 -> 18 | S10: =Louisville!S10+SD!S10+ND!S10+Alabama!S10+UNO!S10+KSU!S10+Indiana!S10+Iowa!S10+Washington!S10+MSU!S10+Michigan!S10+Wisconsin!S10+Maryland!S10+Rutgers!S10+Illinois!S10+USC!S10+UCLA!S10+Purdue!S10 -> 1 | T10: =Louisville!T10+SD!T10+ND!T10+Alabama!T10+UNO!T10+KSU!T10+Indiana!T10+Iowa!T10+Washington!T10+MSU!T10+Michigan!T10+Wisconsin!T10+Maryland!T10+Rutgers!T10+Illinois!T10+USC!T10+UCLA!T10+Purdue!T10 -> 6 | U10: =Louisville!U10+SD!U10+ND!U10+Alabama!U10+UNO!U10+KSU!U10+Indiana!U10+Iowa!U10+Washington!U10+MSU!U10+Michigan!U10+Wisconsin!U10+Maryland!U10+Rutgers!U10+Illinois!U10+USC!U10+UCLA!U10+Purdue!U10 -> 4 | V10: =Louisville!V10+SD!V10+ND!V10+Alabama!V10+UNO!V10+KSU!V10+Indiana!V10+Iowa!V10+Washington!V10+MSU!V10+Michigan!V10+Wisconsin!V10+Maryland!V10+Rutgers!V10+Illinois!V10+USC!V10+UCLA!V10+Purdue!V10 -> 2 | W10: =Louisville!W10+SD!W10+ND!W10+Alabama!W10+UNO!W10+KSU!W10+Indiana!W10+Iowa!W10+Washington!W10+MSU!W10+Michigan!W10+Wisconsin!W10+Maryland!W10+Rutgers!W10+Illinois!W10+USC!W10+UCLA!W10+Purdue!W10 -> 20 | X10: =Louisville!X10+SD!X10+ND!X10+Alabama!X10+UNO!X10+KSU!X10+Indiana!X10+Iowa!X10+Washington!X10+MSU!X10+Michigan!X10+Wisconsin!X10+Maryland!X10+Rutgers!X10+Illinois!X10+USC!X10+UCLA!X10+Purdue!X10 -> 79 | Y10: =IFERROR(X10/B10,0) -> 0.10519308 | Z10: =Louisville!Z10+SD!Z10+ND!Z10+Alabama!Z10+UNO!Z10+KSU!Z10+Indiana!Z10+Iowa!Z10+Washington!Z10+MSU!Z10+Michigan!Z10+Wisconsin!Z10+Maryland!Z10+Rutgers!Z10+Illinois!Z10+USC!Z10+UCLA!Z10+Purdue!Z10 -> 175 | AA10: =IFERROR(Z10/B10,0) -> 0.23302264 | AC10: ="<tr><td>Rudney</td><td>"&B10&"</td><td>"&C10&"</td><td>"&D10&"</td><td>"&E10&"</td><td>"&F10&"</td><td>"&G10&"</td><td>"&H10&"</td><td>"&I10&"</td><td>"&J10&"</td><td>"&K10&"</td><td>"&L10&"</td><td>"&M10&"</td><td>"&N10&"</td><td>"&TEXT(O10,"0.00")&"</td><td>"&Z10&"</td><td>"&TEXT(AA10,"0.00")&"</td></tr>" -> <tr><td>Rudney</td><td>751</td><td>1</td><td>2</td><td>6</td><td>17</td><td>7</td><td>5</td><td>10</td><td>13</td><td>14</td><td>19</td><td>9</td><td>96</td><td>0.13</td><td>175</td><td>0.23</td></tr> | AT10: ="<tr><td>Rudney</td><td>"&B10&"</td><td>"&P10&"</td><td>"&Q10&"</td><td>"&R10&"</td><td>"&S10&"</td><td>"&T10&"</td><td>"&U10&"</td><td>"&V10&"</td><td>"&W10&"</td><td>"&X10&"</td><td>"&TEXT(Y10,"0.00")&"</td><td>"&Z10&"</td><td>"&TEXT(AA10,"0.00")&"</td></tr>" -> <tr><td>Rudney</td><td>751</td><td>15</td><td>13</td><td>18</td><td>1</td><td>6</td><td>4</td><td>2</td><td>20</td><td>79</td><td>0.11</td><td>175</td><td>0.23</td></tr>
A11: emma p | B11: =Louisville!B11+SD!B11+ND!B11+Alabama!B11+UNO!B11+KSU!B11+Indiana!B11+Iowa!B11+Washington!B11+MSU!B11+Michigan!B11+Wisconsin!B11+Maryland!B11+Rutgers!B11+Illinois!B11+USC!B11+UCLA!B11+Purdue!B11 -> 38 | C11: =Louisville!C11+SD!C11+ND!C11+Alabama!C11+UNO!C11+KSU!C11+Indiana!C11+Iowa!C11+Washington!C11+MSU!C11+Michigan!C11+Wisconsin!C11+Maryland!C11+Rutgers!C11+Illinois!C11+USC!C11+UCLA!C11+Purdue!C11 -> 0 | D11: =Louisville!D11+SD!D11+ND!D11+Alabama!D11+UNO!D11+KSU!D11+Indiana!D11+Iowa!D11+Washington!D11+MSU!D11+Michigan!D11+Wisconsin!D11+Maryland!D11+Rutgers!D11+Illinois!D11+USC!D11+UCLA!D11+Purdue!D11 -> 0 | E11: =Louisville!E11+SD!E11+ND!E11+Alabama!E11+UNO!E11+KSU!E11+Indiana!E11+Iowa!E11+Washington!E11+MSU!E11+Michigan!E11+Wisconsin!E11+Maryland!E11+Rutgers!E11+Illinois!E11+USC!E11+UCLA!E11+Purdue!E11 -> 0 | F11: =Louisville!F11+SD!F11+ND!F11+Alabama!F11+UNO!F11+KSU!F11+Indiana!F11+Iowa!F11+Washington!F11+MSU!F11+Michigan!F11+Wisconsin!F11+Maryland!F11+Rutgers!F11+Illinois!F11+USC!F11+UCLA!F11+Purdue!F11 -> 0 | G11: =Louisville!G11+SD!G11+ND!G11+Alabama!G11+UNO!G11+KSU!G11+Indiana!G11+Iowa!G11+Washington!G11+MSU!G11+Michigan!G11+Wisconsin!G11+Maryland!G11+Rutgers!G11+Illinois!G11+USC!G11+UCLA!G11+Purdue!G11 -> 0 | H11: =Louisville!H11+SD!H11+ND!H11+Alabama!H11+UNO!H11+KSU!H11+Indiana!H11+Iowa!H11+Washington!H11+MSU!H11+Michigan!H11+Wisconsin!H11+Maryland!H11+Rutgers!H11+Illinois!H11+USC!H11+UCLA!H11+Purdue!H11 -> 0 | I11: =Louisville!I11+SD!I11+ND!I11+Alabama!I11+UNO!I11+KSU!I11+Indiana!I11+Iowa!I11+Washington!I11+MSU!I11+Michigan!I11+Wisconsin!I11+Maryland!I11+Rutgers!I11+Illinois!I11+USC!I11+UCLA!I11+Purdue!I11 -> 0 | ... N11: =Louisville!N11+SD!N11+ND!N11+Alabama!N11+UNO!N11+KSU!N11+Indiana!N11+Iowa!N11+Washington!N11+MSU!N11+Michigan!N11+Wisconsin!N11+Maryland!N11+Rutgers!N11+Illinois!N11+USC!N11+UCLA!N11+Purdue!N11 -> 2 | O11: =IFERROR(N11/B11,0) -> 0.052631579 | P11: =Louisville!P11+SD!P11+ND!P11+Alabama!P11+UNO!P11+KSU!P11+Indiana!P11+Iowa!P11+Washington!P11+MSU!P11+Michigan!P11+Wisconsin!P11+Maryland!P11+Rutgers!P11+Illinois!P11+USC!P11+UCLA!P11+Purdue!P11 -> 1 | Q11: =Louisville!Q11+SD!Q11+ND!Q11+Alabama!Q11+UNO!Q11+KSU!Q11+Indiana!Q11+Iowa!Q11+Washington!Q11+MSU!Q11+Michigan!Q11+Wisconsin!Q11+Maryland!Q11+Rutgers!Q11+Illinois!Q11+USC!Q11+UCLA!Q11+Purdue!Q11 -> 0 | R11: =Louisville!R11+SD!R11+ND!R11+Alabama!R11+UNO!R11+KSU!R11+Indiana!R11+Iowa!R11+Washington!R11+MSU!R11+Michigan!R11+Wisconsin!R11+Maryland!R11+Rutgers!R11+Illinois!R11+USC!R11+UCLA!R11+Purdue!R11 -> 0 | S11: =Louisville!S11+SD!S11+ND!S11+Alabama!S11+UNO!S11+KSU!S11+Indiana!S11+Iowa!S11+Washington!S11+MSU!S11+Michigan!S11+Wisconsin!S11+Maryland!S11+Rutgers!S11+Illinois!S11+USC!S11+UCLA!S11+Purdue!S11 -> 0 | T11: =Louisville!T11+SD!T11+ND!T11+Alabama!T11+UNO!T11+KSU!T11+Indiana!T11+Iowa!T11+Washington!T11+MSU!T11+Michigan!T11+Wisconsin!T11+Maryland!T11+Rutgers!T11+Illinois!T11+USC!T11+UCLA!T11+Purdue!T11 -> 1 | U11: =Louisville!U11+SD!U11+ND!U11+Alabama!U11+UNO!U11+KSU!U11+Indiana!U11+Iowa!U11+Washington!U11+MSU!U11+Michigan!U11+Wisconsin!U11+Maryland!U11+Rutgers!U11+Illinois!U11+USC!U11+UCLA!U11+Purdue!U11 -> 0 | V11: =Louisville!V11+SD!V11+ND!V11+Alabama!V11+UNO!V11+KSU!V11+Indiana!V11+Iowa!V11+Washington!V11+MSU!V11+Michigan!V11+Wisconsin!V11+Maryland!V11+Rutgers!V11+Illinois!V11+USC!V11+UCLA!V11+Purdue!V11 -> 1 | W11: =Louisville!W11+SD!W11+ND!W11+Alabama!W11+UNO!W11+KSU!W11+Indiana!W11+Iowa!W11+Washington!W11+MSU!W11+Michigan!W11+Wisconsin!W11+Maryland!W11+Rutgers!W11+Illinois!W11+USC!W11+UCLA!W11+Purdue!W11 -> 4 | X11: =Louisville!X11+SD!X11+ND!X11+Alabama!X11+UNO!X11+KSU!X11+Indiana!X11+Iowa!X11+Washington!X11+MSU!X11+Michigan!X11+Wisconsin!X11+Maryland!X11+Rutgers!X11+Illinois!X11+USC!X11+UCLA!X11+Purdue!X11 -> 7 | Y11: =IFERROR(X11/B11,0) -> 0.18421053 | Z11: =Louisville!Z11+SD!Z11+ND!Z11+Alabama!Z11+UNO!Z11+KSU!Z11+Indiana!Z11+Iowa!Z11+Washington!Z11+MSU!Z11+Michigan!Z11+Wisconsin!Z11+Maryland!Z11+Rutgers!Z11+Illinois!Z11+USC!Z11+UCLA!Z11+Purdue!Z11 -> 9 | AA11: =IFERROR(Z11/B11,0) -> 0.23684211 | AC11: ="<tr><td>Prososki</td><td>"&B11&"</td><td>"&C11&"</td><td>"&D11&"</td><td>"&E11&"</td><td>"&F11&"</td><td>"&G11&"</td><td>"&H11&"</td><td>"&I11&"</td><td>"&J11&"</td><td>"&K11&"</td><td>"&L11&"</td><td>"&M11&"</td><td>"&N11&"</td><td>"&TEXT(O11,"0.00")&"</td><td>"&Z11&"</td><td>"&TEXT(AA11,"0.00")&"</td></tr>" -> <tr><td>Prososki</td><td>38</td><td>0</td><td>0</td><td>0</td><td>0</td><td>0</td><td>0</td><td>0</td><td>2</td><td>0</td><td>0</td><td>0</td><td>2</td><td>0.05</td><td>9</td><td>0.24</td></tr> | AT11: ="<tr><td>Prososki</td><td>"&B11&"</td><td>"&P11&"</td><td>"&Q11&"</td><td>"&R11&"</td><td>"&S11&"</td><td>"&T11&"</td><td>"&U11&"</td><td>"&V11&"</td><td>"&W11&"</td><td>"&X11&"</td><td>"&TEXT(Y11,"0.00")&"</td><td>"&Z11&"</td><td>"&TEXT(AA11,"0.00")&"</td></tr>" -> <tr><td>Prososki</td><td>38</td><td>1</td><td>0</td><td>0</td><td>0</td><td>1</td><td>0</td><td>1</td><td>4</td><td>7</td><td>0.18</td><td>9</td><td>0.24</td></tr>
A12: emma r | B12: =Louisville!B12+SD!B12+ND!B12+Alabama!B12+UNO!B12+KSU!B12+Indiana!B12+Iowa!B12+Washington!B12+MSU!B12+Michigan!B12+Wisconsin!B12+Maryland!B12+Rutgers!B12+Illinois!B12+USC!B12+UCLA!B12+Purdue!B12 -> 342 | C12: =Louisville!C12+SD!C12+ND!C12+Alabama!C12+UNO!C12+KSU!C12+Indiana!C12+Iowa!C12+Washington!C12+MSU!C12+Michigan!C12+Wisconsin!C12+Maryland!C12+Rutgers!C12+Illinois!C12+USC!C12+UCLA!C12+Purdue!C12 -> 0 | D12: =Louisville!D12+SD!D12+ND!D12+Alabama!D12+UNO!D12+KSU!D12+Indiana!D12+Iowa!D12+Washington!D12+MSU!D12+Michigan!D12+Wisconsin!D12+Maryland!D12+Rutgers!D12+Illinois!D12+USC!D12+UCLA!D12+Purdue!D12 -> 0 | E12: =Louisville!E12+SD!E12+ND!E12+Alabama!E12+UNO!E12+KSU!E12+Indiana!E12+Iowa!E12+Washington!E12+MSU!E12+Michigan!E12+Wisconsin!E12+Maryland!E12+Rutgers!E12+Illinois!E12+USC!E12+UCLA!E12+Purdue!E12 -> 0 | F12: =Louisville!F12+SD!F12+ND!F12+Alabama!F12+UNO!F12+KSU!F12+Indiana!F12+Iowa!F12+Washington!F12+MSU!F12+Michigan!F12+Wisconsin!F12+Maryland!F12+Rutgers!F12+Illinois!F12+USC!F12+UCLA!F12+Purdue!F12 -> 22 | G12: =Louisville!G12+SD!G12+ND!G12+Alabama!G12+UNO!G12+KSU!G12+Indiana!G12+Iowa!G12+Washington!G12+MSU!G12+Michigan!G12+Wisconsin!G12+Maryland!G12+Rutgers!G12+Illinois!G12+USC!G12+UCLA!G12+Purdue!G12 -> 1 | H12: =Louisville!H12+SD!H12+ND!H12+Alabama!H12+UNO!H12+KSU!H12+Indiana!H12+Iowa!H12+Washington!H12+MSU!H12+Michigan!H12+Wisconsin!H12+Maryland!H12+Rutgers!H12+Illinois!H12+USC!H12+UCLA!H12+Purdue!H12 -> 1 | I12: =Louisville!I12+SD!I12+ND!I12+Alabama!I12+UNO!I12+KSU!I12+Indiana!I12+Iowa!I12+Washington!I12+MSU!I12+Michigan!I12+Wisconsin!I12+Maryland!I12+Rutgers!I12+Illinois!I12+USC!I12+UCLA!I12+Purdue!I12 -> 10 | ... N12: =Louisville!N12+SD!N12+ND!N12+Alabama!N12+UNO!N12+KSU!N12+Indiana!N12+Iowa!N12+Washington!N12+MSU!N12+Michigan!N12+Wisconsin!N12+Maryland!N12+Rutgers!N12+Illinois!N12+USC!N12+UCLA!N12+Purdue!N12 -> 38 | O12: =IFERROR(N12/B12,0) -> 0.11111111 | P12: =Louisville!P12+SD!P12+ND!P12+Alabama!P12+UNO!P12+KSU!P12+Indiana!P12+Iowa!P12+Washington!P12+MSU!P12+Michigan!P12+Wisconsin!P12+Maryland!P12+Rutgers!P12+Illinois!P12+USC!P12+UCLA!P12+Purdue!P12 -> 24 | Q12: =Louisville!Q12+SD!Q12+ND!Q12+Alabama!Q12+UNO!Q12+KSU!Q12+Indiana!Q12+Iowa!Q12+Washington!Q12+MSU!Q12+Michigan!Q12+Wisconsin!Q12+Maryland!Q12+Rutgers!Q12+Illinois!Q12+USC!Q12+UCLA!Q12+Purdue!Q12 -> 14 | R12: =Louisville!R12+SD!R12+ND!R12+Alabama!R12+UNO!R12+KSU!R12+Indiana!R12+Iowa!R12+Washington!R12+MSU!R12+Michigan!R12+Wisconsin!R12+Maryland!R12+Rutgers!R12+Illinois!R12+USC!R12+UCLA!R12+Purdue!R12 -> 11 | S12: =Louisville!S12+SD!S12+ND!S12+Alabama!S12+UNO!S12+KSU!S12+Indiana!S12+Iowa!S12+Washington!S12+MSU!S12+Michigan!S12+Wisconsin!S12+Maryland!S12+Rutgers!S12+Illinois!S12+USC!S12+UCLA!S12+Purdue!S12 -> 1 | T12: =Louisville!T12+SD!T12+ND!T12+Alabama!T12+UNO!T12+KSU!T12+Indiana!T12+Iowa!T12+Washington!T12+MSU!T12+Michigan!T12+Wisconsin!T12+Maryland!T12+Rutgers!T12+Illinois!T12+USC!T12+UCLA!T12+Purdue!T12 -> 0 | U12: =Louisville!U12+SD!U12+ND!U12+Alabama!U12+UNO!U12+KSU!U12+Indiana!U12+Iowa!U12+Washington!U12+MSU!U12+Michigan!U12+Wisconsin!U12+Maryland!U12+Rutgers!U12+Illinois!U12+USC!U12+UCLA!U12+Purdue!U12 -> 6 | V12: =Louisville!V12+SD!V12+ND!V12+Alabama!V12+UNO!V12+KSU!V12+Indiana!V12+Iowa!V12+Washington!V12+MSU!V12+Michigan!V12+Wisconsin!V12+Maryland!V12+Rutgers!V12+Illinois!V12+USC!V12+UCLA!V12+Purdue!V12 -> 4 | W12: =Louisville!W12+SD!W12+ND!W12+Alabama!W12+UNO!W12+KSU!W12+Indiana!W12+Iowa!W12+Washington!W12+MSU!W12+Michigan!W12+Wisconsin!W12+Maryland!W12+Rutgers!W12+Illinois!W12+USC!W12+UCLA!W12+Purdue!W12 -> 18 | X12: =Louisville!X12+SD!X12+ND!X12+Alabama!X12+UNO!X12+KSU!X12+Indiana!X12+Iowa!X12+Washington!X12+MSU!X12+Michigan!X12+Wisconsin!X12+Maryland!X12+Rutgers!X12+Illinois!X12+USC!X12+UCLA!X12+Purdue!X12 -> 78 | Y12: =IFERROR(X12/B12,0) -> 0.22807018 | Z12: =Louisville!Z12+SD!Z12+ND!Z12+Alabama!Z12+UNO!Z12+KSU!Z12+Indiana!Z12+Iowa!Z12+Washington!Z12+MSU!Z12+Michigan!Z12+Wisconsin!Z12+Maryland!Z12+Rutgers!Z12+Illinois!Z12+USC!Z12+UCLA!Z12+Purdue!Z12 -> 116 | AA12: =IFERROR(Z12/B12,0) -> 0.33918129 | AC12: ="<tr><td>Reda</td><td>"&B12&"</td><td>"&C12&"</td><td>"&D12&"</td><td>"&E12&"</td><td>"&F12&"</td><td>"&G12&"</td><td>"&H12&"</td><td>"&I12&"</td><td>"&J12&"</td><td>"&K12&"</td><td>"&L12&"</td><td>"&M12&"</td><td>"&N12&"</td><td>"&TEXT(O12,"0.00")&"</td><td>"&Z12&"</td><td>"&TEXT(AA12,"0.00")&"</td></tr>" -> <tr><td>Reda</td><td>342</td><td>0</td><td>0</td><td>0</td><td>22</td><td>1</td><td>1</td><td>10</td><td>1</td><td>3</td><td>1</td><td>0</td><td>38</td><td>0.11</td><td>116</td><td>0.34</td></tr> | AT12: ="<tr><td>Reda</td><td>"&B12&"</td><td>"&P12&"</td><td>"&Q12&"</td><td>"&R12&"</td><td>"&S12&"</td><td>"&T12&"</td><td>"&U12&"</td><td>"&V12&"</td><td>"&W12&"</td><td>"&X12&"</td><td>"&TEXT(Y12,"0.00")&"</td><td>"&Z12&"</td><td>"&TEXT(AA12,"0.00")&"</td></tr>" -> <tr><td>Reda</td><td>342</td><td>24</td><td>14</td><td>11</td><td>1</td><td>0</td><td>6</td><td>4</td><td>18</td><td>78</td><td>0.23</td><td>116</td><td>0.34</td></tr>
A13: izzie | B13: =Louisville!B13+SD!B13+ND!B13+Alabama!B13+UNO!B13+KSU!B13+Indiana!B13+Iowa!B13+Washington!B13+MSU!B13+Michigan!B13+Wisconsin!B13+Maryland!B13+Rutgers!B13+Illinois!B13+USC!B13+UCLA!B13+Purdue!B13 -> 13 | C13: =Louisville!C13+SD!C13+ND!C13+Alabama!C13+UNO!C13+KSU!C13+Indiana!C13+Iowa!C13+Washington!C13+MSU!C13+Michigan!C13+Wisconsin!C13+Maryland!C13+Rutgers!C13+Illinois!C13+USC!C13+UCLA!C13+Purdue!C13 -> 0 | D13: =Louisville!D13+SD!D13+ND!D13+Alabama!D13+UNO!D13+KSU!D13+Indiana!D13+Iowa!D13+Washington!D13+MSU!D13+Michigan!D13+Wisconsin!D13+Maryland!D13+Rutgers!D13+Illinois!D13+USC!D13+UCLA!D13+Purdue!D13 -> 0 | E13: =Louisville!E13+SD!E13+ND!E13+Alabama!E13+UNO!E13+KSU!E13+Indiana!E13+Iowa!E13+Washington!E13+MSU!E13+Michigan!E13+Wisconsin!E13+Maryland!E13+Rutgers!E13+Illinois!E13+USC!E13+UCLA!E13+Purdue!E13 -> 0 | F13: =Louisville!F13+SD!F13+ND!F13+Alabama!F13+UNO!F13+KSU!F13+Indiana!F13+Iowa!F13+Washington!F13+MSU!F13+Michigan!F13+Wisconsin!F13+Maryland!F13+Rutgers!F13+Illinois!F13+USC!F13+UCLA!F13+Purdue!F13 -> 0 | G13: =Louisville!G13+SD!G13+ND!G13+Alabama!G13+UNO!G13+KSU!G13+Indiana!G13+Iowa!G13+Washington!G13+MSU!G13+Michigan!G13+Wisconsin!G13+Maryland!G13+Rutgers!G13+Illinois!G13+USC!G13+UCLA!G13+Purdue!G13 -> 0 | H13: =Louisville!H13+SD!H13+ND!H13+Alabama!H13+UNO!H13+KSU!H13+Indiana!H13+Iowa!H13+Washington!H13+MSU!H13+Michigan!H13+Wisconsin!H13+Maryland!H13+Rutgers!H13+Illinois!H13+USC!H13+UCLA!H13+Purdue!H13 -> 0 | I13: =Louisville!I13+SD!I13+ND!I13+Alabama!I13+UNO!I13+KSU!I13+Indiana!I13+Iowa!I13+Washington!I13+MSU!I13+Michigan!I13+Wisconsin!I13+Maryland!I13+Rutgers!I13+Illinois!I13+USC!I13+UCLA!I13+Purdue!I13 -> 0 | ... N13: =Louisville!N13+SD!N13+ND!N13+Alabama!N13+UNO!N13+KSU!N13+Indiana!N13+Iowa!N13+Washington!N13+MSU!N13+Michigan!N13+Wisconsin!N13+Maryland!N13+Rutgers!N13+Illinois!N13+USC!N13+UCLA!N13+Purdue!N13 -> 0 | O13: =IFERROR(N13/B13,0) -> 0 | P13: =Louisville!P13+SD!P13+ND!P13+Alabama!P13+UNO!P13+KSU!P13+Indiana!P13+Iowa!P13+Washington!P13+MSU!P13+Michigan!P13+Wisconsin!P13+Maryland!P13+Rutgers!P13+Illinois!P13+USC!P13+UCLA!P13+Purdue!P13 -> 0 | Q13: =Louisville!Q13+SD!Q13+ND!Q13+Alabama!Q13+UNO!Q13+KSU!Q13+Indiana!Q13+Iowa!Q13+Washington!Q13+MSU!Q13+Michigan!Q13+Wisconsin!Q13+Maryland!Q13+Rutgers!Q13+Illinois!Q13+USC!Q13+UCLA!Q13+Purdue!Q13 -> 0 | R13: =Louisville!R13+SD!R13+ND!R13+Alabama!R13+UNO!R13+KSU!R13+Indiana!R13+Iowa!R13+Washington!R13+MSU!R13+Michigan!R13+Wisconsin!R13+Maryland!R13+Rutgers!R13+Illinois!R13+USC!R13+UCLA!R13+Purdue!R13 -> 0 | S13: =Louisville!S13+SD!S13+ND!S13+Alabama!S13+UNO!S13+KSU!S13+Indiana!S13+Iowa!S13+Washington!S13+MSU!S13+Michigan!S13+Wisconsin!S13+Maryland!S13+Rutgers!S13+Illinois!S13+USC!S13+UCLA!S13+Purdue!S13 -> 0 | T13: =Louisville!T13+SD!T13+ND!T13+Alabama!T13+UNO!T13+KSU!T13+Indiana!T13+Iowa!T13+Washington!T13+MSU!T13+Michigan!T13+Wisconsin!T13+Maryland!T13+Rutgers!T13+Illinois!T13+USC!T13+UCLA!T13+Purdue!T13 -> 0 | U13: =Louisville!U13+SD!U13+ND!U13+Alabama!U13+UNO!U13+KSU!U13+Indiana!U13+Iowa!U13+Washington!U13+MSU!U13+Michigan!U13+Wisconsin!U13+Maryland!U13+Rutgers!U13+Illinois!U13+USC!U13+UCLA!U13+Purdue!U13 -> 0 | V13: =Louisville!V13+SD!V13+ND!V13+Alabama!V13+UNO!V13+KSU!V13+Indiana!V13+Iowa!V13+Washington!V13+MSU!V13+Michigan!V13+Wisconsin!V13+Maryland!V13+Rutgers!V13+Illinois!V13+USC!V13+UCLA!V13+Purdue!V13 -> 0 | W13: =Louisville!W13+SD!W13+ND!W13+Alabama!W13+UNO!W13+KSU!W13+Indiana!W13+Iowa!W13+Washington!W13+MSU!W13+Michigan!W13+Wisconsin!W13+Maryland!W13+Rutgers!W13+Illinois!W13+USC!W13+UCLA!W13+Purdue!W13 -> 0 | X13: =Louisville!X13+SD!X13+ND!X13+Alabama!X13+UNO!X13+KSU!X13+Indiana!X13+Iowa!X13+Washington!X13+MSU!X13+Michigan!X13+Wisconsin!X13+Maryland!X13+Rutgers!X13+Illinois!X13+USC!X13+UCLA!X13+Purdue!X13 -> 0 | Y13: =IFERROR(X13/B13,0) -> 0 | Z13: =Louisville!Z13+SD!Z13+ND!Z13+Alabama!Z13+UNO!Z13+KSU!Z13+Indiana!Z13+Iowa!Z13+Washington!Z13+MSU!Z13+Michigan!Z13+Wisconsin!Z13+Maryland!Z13+Rutgers!Z13+Illinois!Z13+USC!Z13+UCLA!Z13+Purdue!Z13 -> 0 | AA13: =IFERROR(Z13/B13,0) -> 0 | AC13: ="<tr><td>Kiser</td><td>"&B13&"</td><td>"&C13&"</td><td>"&D13&"</td><td>"&E13&"</td><td>"&F13&"</td><td>"&G13&"</td><td>"&H13&"</td><td>"&I13&"</td><td>"&J13&"</td><td>"&K13&"</td><td>"&L13&"</td><td>"&M13&"</td><td>"&N13&"</td><td>"&TEXT(O13,"0.00")&"</td><td>"&Z13&"</td><td>"&TEXT(AA13,"0.00")&"</td></tr>" -> <tr><td>Kiser</td><td>13</td><td>0</td><td>0</td><td>0</td><td>0</td><td>0</td><td>0</td><td>0</td><td>0</td><td>0</td><td>0</td><td>0</td><td>0</td><td>0.00</td><td>0</td><td>0.00</td></tr> | AT13: ="<tr><td>Kiser</td><td>"&B13&"</td><td>"&P13&"</td><td>"&Q13&"</td><td>"&R13&"</td><td>"&S13&"</td><td>"&T13&"</td><td>"&U13&"</td><td>"&V13&"</td><td>"&W13&"</td><td>"&X13&"</td><td>"&TEXT(Y13,"0.00")&"</td><td>"&Z13&"</td><td>"&TEXT(AA13,"0.00")&"</td></tr>" -> <tr><td>Kiser</td><td>13</td><td>0</td><td>0</td><td>0</td><td>0</td><td>0</td><td>0</td><td>0</td><td>0</td><td>0</td><td>0.00</td><td>0</td><td>0.00</td></tr>
A14: jo | B14: =Louisville!B14+SD!B14+ND!B14+Alabama!B14+UNO!B14+KSU!B14+Indiana!B14+Iowa!B14+Washington!B14+MSU!B14+Michigan!B14+Wisconsin!B14+Maryland!B14+Rutgers!B14+Illinois!B14+USC!B14+UCLA!B14+Purdue!B14 -> 559 | C14: =Louisville!C14+SD!C14+ND!C14+Alabama!C14+UNO!C14+KSU!C14+Indiana!C14+Iowa!C14+Washington!C14+MSU!C14+Michigan!C14+Wisconsin!C14+Maryland!C14+Rutgers!C14+Illinois!C14+USC!C14+UCLA!C14+Purdue!C14 -> 0 | D14: =Louisville!D14+SD!D14+ND!D14+Alabama!D14+UNO!D14+KSU!D14+Indiana!D14+Iowa!D14+Washington!D14+MSU!D14+Michigan!D14+Wisconsin!D14+Maryland!D14+Rutgers!D14+Illinois!D14+USC!D14+UCLA!D14+Purdue!D14 -> 1 | E14: =Louisville!E14+SD!E14+ND!E14+Alabama!E14+UNO!E14+KSU!E14+Indiana!E14+Iowa!E14+Washington!E14+MSU!E14+Michigan!E14+Wisconsin!E14+Maryland!E14+Rutgers!E14+Illinois!E14+USC!E14+UCLA!E14+Purdue!E14 -> 1 | F14: =Louisville!F14+SD!F14+ND!F14+Alabama!F14+UNO!F14+KSU!F14+Indiana!F14+Iowa!F14+Washington!F14+MSU!F14+Michigan!F14+Wisconsin!F14+Maryland!F14+Rutgers!F14+Illinois!F14+USC!F14+UCLA!F14+Purdue!F14 -> 15 | G14: =Louisville!G14+SD!G14+ND!G14+Alabama!G14+UNO!G14+KSU!G14+Indiana!G14+Iowa!G14+Washington!G14+MSU!G14+Michigan!G14+Wisconsin!G14+Maryland!G14+Rutgers!G14+Illinois!G14+USC!G14+UCLA!G14+Purdue!G14 -> 2 | H14: =Louisville!H14+SD!H14+ND!H14+Alabama!H14+UNO!H14+KSU!H14+Indiana!H14+Iowa!H14+Washington!H14+MSU!H14+Michigan!H14+Wisconsin!H14+Maryland!H14+Rutgers!H14+Illinois!H14+USC!H14+UCLA!H14+Purdue!H14 -> 8 | I14: =Louisville!I14+SD!I14+ND!I14+Alabama!I14+UNO!I14+KSU!I14+Indiana!I14+Iowa!I14+Washington!I14+MSU!I14+Michigan!I14+Wisconsin!I14+Maryland!I14+Rutgers!I14+Illinois!I14+USC!I14+UCLA!I14+Purdue!I14 -> 2 | ... N14: =Louisville!N14+SD!N14+ND!N14+Alabama!N14+UNO!N14+KSU!N14+Indiana!N14+Iowa!N14+Washington!N14+MSU!N14+Michigan!N14+Wisconsin!N14+Maryland!N14+Rutgers!N14+Illinois!N14+USC!N14+UCLA!N14+Purdue!N14 -> 36 | O14: =IFERROR(N14/B14,0) -> 0.064400716 | P14: =Louisville!P14+SD!P14+ND!P14+Alabama!P14+UNO!P14+KSU!P14+Indiana!P14+Iowa!P14+Washington!P14+MSU!P14+Michigan!P14+Wisconsin!P14+Maryland!P14+Rutgers!P14+Illinois!P14+USC!P14+UCLA!P14+Purdue!P14 -> 4 | Q14: =Louisville!Q14+SD!Q14+ND!Q14+Alabama!Q14+UNO!Q14+KSU!Q14+Indiana!Q14+Iowa!Q14+Washington!Q14+MSU!Q14+Michigan!Q14+Wisconsin!Q14+Maryland!Q14+Rutgers!Q14+Illinois!Q14+USC!Q14+UCLA!Q14+Purdue!Q14 -> 33 | R14: =Louisville!R14+SD!R14+ND!R14+Alabama!R14+UNO!R14+KSU!R14+Indiana!R14+Iowa!R14+Washington!R14+MSU!R14+Michigan!R14+Wisconsin!R14+Maryland!R14+Rutgers!R14+Illinois!R14+USC!R14+UCLA!R14+Purdue!R14 -> 16 | S14: =Louisville!S14+SD!S14+ND!S14+Alabama!S14+UNO!S14+KSU!S14+Indiana!S14+Iowa!S14+Washington!S14+MSU!S14+Michigan!S14+Wisconsin!S14+Maryland!S14+Rutgers!S14+Illinois!S14+USC!S14+UCLA!S14+Purdue!S14 -> 7 | T14: =Louisville!T14+SD!T14+ND!T14+Alabama!T14+UNO!T14+KSU!T14+Indiana!T14+Iowa!T14+Washington!T14+MSU!T14+Michigan!T14+Wisconsin!T14+Maryland!T14+Rutgers!T14+Illinois!T14+USC!T14+UCLA!T14+Purdue!T14 -> 19 | U14: =Louisville!U14+SD!U14+ND!U14+Alabama!U14+UNO!U14+KSU!U14+Indiana!U14+Iowa!U14+Washington!U14+MSU!U14+Michigan!U14+Wisconsin!U14+Maryland!U14+Rutgers!U14+Illinois!U14+USC!U14+UCLA!U14+Purdue!U14 -> 9 | V14: =Louisville!V14+SD!V14+ND!V14+Alabama!V14+UNO!V14+KSU!V14+Indiana!V14+Iowa!V14+Washington!V14+MSU!V14+Michigan!V14+Wisconsin!V14+Maryland!V14+Rutgers!V14+Illinois!V14+USC!V14+UCLA!V14+Purdue!V14 -> 23 | W14: =Louisville!W14+SD!W14+ND!W14+Alabama!W14+UNO!W14+KSU!W14+Indiana!W14+Iowa!W14+Washington!W14+MSU!W14+Michigan!W14+Wisconsin!W14+Maryland!W14+Rutgers!W14+Illinois!W14+USC!W14+UCLA!W14+Purdue!W14 -> 28 | X14: =Louisville!X14+SD!X14+ND!X14+Alabama!X14+UNO!X14+KSU!X14+Indiana!X14+Iowa!X14+Washington!X14+MSU!X14+Michigan!X14+Wisconsin!X14+Maryland!X14+Rutgers!X14+Illinois!X14+USC!X14+UCLA!X14+Purdue!X14 -> 132 | Y14: =IFERROR(X14/B14,0) -> 0.23613596 | Z14: =Louisville!Z14+SD!Z14+ND!Z14+Alabama!Z14+UNO!Z14+KSU!Z14+Indiana!Z14+Iowa!Z14+Washington!Z14+MSU!Z14+Michigan!Z14+Wisconsin!Z14+Maryland!Z14+Rutgers!Z14+Illinois!Z14+USC!Z14+UCLA!Z14+Purdue!Z14 -> 168 | AA14: =IFERROR(Z14/B14,0) -> 0.30053667 | AC14: ="<tr><td>Sees</td><td>"&B14&"</td><td>"&C14&"</td><td>"&D14&"</td><td>"&E14&"</td><td>"&F14&"</td><td>"&G14&"</td><td>"&H14&"</td><td>"&I14&"</td><td>"&J14&"</td><td>"&K14&"</td><td>"&L14&"</td><td>"&M14&"</td><td>"&N14&"</td><td>"&TEXT(O14,"0.00")&"</td><td>"&Z14&"</td><td>"&TEXT(AA14,"0.00")&"</td></tr>" -> <tr><td>Sees</td><td>559</td><td>0</td><td>1</td><td>1</td><td>15</td><td>2</td><td>8</td><td>2</td><td>1</td><td>6</td><td>1</td><td>1</td><td>36</td><td>0.06</td><td>168</td><td>0.30</td></tr> | AT14: ="<tr><td>Sees</td><td>"&B14&"</td><td>"&P14&"</td><td>"&Q14&"</td><td>"&R14&"</td><td>"&S14&"</td><td>"&T14&"</td><td>"&U14&"</td><td>"&V14&"</td><td>"&W14&"</td><td>"&X14&"</td><td>"&TEXT(Y14,"0.00")&"</td><td>"&Z14&"</td><td>"&TEXT(AA14,"0.00")&"</td></tr>" -> <tr><td>Sees</td><td>559</td><td>4</td><td>33</td><td>16</td><td>7</td><td>19</td><td>9</td><td>23</td><td>28</td><td>132</td><td>0.24</td><td>168</td><td>0.30</td></tr>
A15: karli | B15: =Louisville!B15+SD!B15+ND!B15+Alabama!B15+UNO!B15+KSU!B15+Indiana!B15+Iowa!B15+Washington!B15+MSU!B15+Michigan!B15+Wisconsin!B15+Maryland!B15+Rutgers!B15+Illinois!B15+USC!B15+UCLA!B15+Purdue!B15 -> 976 | C15: =Louisville!C15+SD!C15+ND!C15+Alabama!C15+UNO!C15+KSU!C15+Indiana!C15+Iowa!C15+Washington!C15+MSU!C15+Michigan!C15+Wisconsin!C15+Maryland!C15+Rutgers!C15+Illinois!C15+USC!C15+UCLA!C15+Purdue!C15 -> 1 | D15: =Louisville!D15+SD!D15+ND!D15+Alabama!D15+UNO!D15+KSU!D15+Indiana!D15+Iowa!D15+Washington!D15+MSU!D15+Michigan!D15+Wisconsin!D15+Maryland!D15+Rutgers!D15+Illinois!D15+USC!D15+UCLA!D15+Purdue!D15 -> 1 | E15: =Louisville!E15+SD!E15+ND!E15+Alabama!E15+UNO!E15+KSU!E15+Indiana!E15+Iowa!E15+Washington!E15+MSU!E15+Michigan!E15+Wisconsin!E15+Maryland!E15+Rutgers!E15+Illinois!E15+USC!E15+UCLA!E15+Purdue!E15 -> 3 | F15: =Louisville!F15+SD!F15+ND!F15+Alabama!F15+UNO!F15+KSU!F15+Indiana!F15+Iowa!F15+Washington!F15+MSU!F15+Michigan!F15+Wisconsin!F15+Maryland!F15+Rutgers!F15+Illinois!F15+USC!F15+UCLA!F15+Purdue!F15 -> 24 | G15: =Louisville!G15+SD!G15+ND!G15+Alabama!G15+UNO!G15+KSU!G15+Indiana!G15+Iowa!G15+Washington!G15+MSU!G15+Michigan!G15+Wisconsin!G15+Maryland!G15+Rutgers!G15+Illinois!G15+USC!G15+UCLA!G15+Purdue!G15 -> 1 | H15: =Louisville!H15+SD!H15+ND!H15+Alabama!H15+UNO!H15+KSU!H15+Indiana!H15+Iowa!H15+Washington!H15+MSU!H15+Michigan!H15+Wisconsin!H15+Maryland!H15+Rutgers!H15+Illinois!H15+USC!H15+UCLA!H15+Purdue!H15 -> 5 | I15: =Louisville!I15+SD!I15+ND!I15+Alabama!I15+UNO!I15+KSU!I15+Indiana!I15+Iowa!I15+Washington!I15+MSU!I15+Michigan!I15+Wisconsin!I15+Maryland!I15+Rutgers!I15+Illinois!I15+USC!I15+UCLA!I15+Purdue!I15 -> 5 | ... N15: =Louisville!N15+SD!N15+ND!N15+Alabama!N15+UNO!N15+KSU!N15+Indiana!N15+Iowa!N15+Washington!N15+MSU!N15+Michigan!N15+Wisconsin!N15+Maryland!N15+Rutgers!N15+Illinois!N15+USC!N15+UCLA!N15+Purdue!N15 -> 52 | O15: =IFERROR(N15/B15,0) -> 0.053278689 | P15: =Louisville!P15+SD!P15+ND!P15+Alabama!P15+UNO!P15+KSU!P15+Indiana!P15+Iowa!P15+Washington!P15+MSU!P15+Michigan!P15+Wisconsin!P15+Maryland!P15+Rutgers!P15+Illinois!P15+USC!P15+UCLA!P15+Purdue!P15 -> 17 | Q15: =Louisville!Q15+SD!Q15+ND!Q15+Alabama!Q15+UNO!Q15+KSU!Q15+Indiana!Q15+Iowa!Q15+Washington!Q15+MSU!Q15+Michigan!Q15+Wisconsin!Q15+Maryland!Q15+Rutgers!Q15+Illinois!Q15+USC!Q15+UCLA!Q15+Purdue!Q15 -> 58 | R15: =Louisville!R15+SD!R15+ND!R15+Alabama!R15+UNO!R15+KSU!R15+Indiana!R15+Iowa!R15+Washington!R15+MSU!R15+Michigan!R15+Wisconsin!R15+Maryland!R15+Rutgers!R15+Illinois!R15+USC!R15+UCLA!R15+Purdue!R15 -> 16 | S15: =Louisville!S15+SD!S15+ND!S15+Alabama!S15+UNO!S15+KSU!S15+Indiana!S15+Iowa!S15+Washington!S15+MSU!S15+Michigan!S15+Wisconsin!S15+Maryland!S15+Rutgers!S15+Illinois!S15+USC!S15+UCLA!S15+Purdue!S15 -> 15 | T15: =Louisville!T15+SD!T15+ND!T15+Alabama!T15+UNO!T15+KSU!T15+Indiana!T15+Iowa!T15+Washington!T15+MSU!T15+Michigan!T15+Wisconsin!T15+Maryland!T15+Rutgers!T15+Illinois!T15+USC!T15+UCLA!T15+Purdue!T15 -> 22 | U15: =Louisville!U15+SD!U15+ND!U15+Alabama!U15+UNO!U15+KSU!U15+Indiana!U15+Iowa!U15+Washington!U15+MSU!U15+Michigan!U15+Wisconsin!U15+Maryland!U15+Rutgers!U15+Illinois!U15+USC!U15+UCLA!U15+Purdue!U15 -> 5 | V15: =Louisville!V15+SD!V15+ND!V15+Alabama!V15+UNO!V15+KSU!V15+Indiana!V15+Iowa!V15+Washington!V15+MSU!V15+Michigan!V15+Wisconsin!V15+Maryland!V15+Rutgers!V15+Illinois!V15+USC!V15+UCLA!V15+Purdue!V15 -> 56 | W15: =Louisville!W15+SD!W15+ND!W15+Alabama!W15+UNO!W15+KSU!W15+Indiana!W15+Iowa!W15+Washington!W15+MSU!W15+Michigan!W15+Wisconsin!W15+Maryland!W15+Rutgers!W15+Illinois!W15+USC!W15+UCLA!W15+Purdue!W15 -> 52 | X15: =Louisville!X15+SD!X15+ND!X15+Alabama!X15+UNO!X15+KSU!X15+Indiana!X15+Iowa!X15+Washington!X15+MSU!X15+Michigan!X15+Wisconsin!X15+Maryland!X15+Rutgers!X15+Illinois!X15+USC!X15+UCLA!X15+Purdue!X15 -> 247 | Y15: =IFERROR(X15/B15,0) -> 0.25307377 | Z15: =Louisville!Z15+SD!Z15+ND!Z15+Alabama!Z15+UNO!Z15+KSU!Z15+Indiana!Z15+Iowa!Z15+Washington!Z15+MSU!Z15+Michigan!Z15+Wisconsin!Z15+Maryland!Z15+Rutgers!Z15+Illinois!Z15+USC!Z15+UCLA!Z15+Purdue!Z15 -> 299 | AA15: =IFERROR(Z15/B15,0) -> 0.30635246 | AC15: ="<tr><td>Williams</td><td>"&B15&"</td><td>"&C15&"</td><td>"&D15&"</td><td>"&E15&"</td><td>"&F15&"</td><td>"&G15&"</td><td>"&H15&"</td><td>"&I15&"</td><td>"&J15&"</td><td>"&K15&"</td><td>"&L15&"</td><td>"&M15&"</td><td>"&N15&"</td><td>"&TEXT(O15,"0.00")&"</td><td>"&Z15&"</td><td>"&TEXT(AA15,"0.00")&"</td></tr>" -> <tr><td>Williams</td><td>976</td><td>1</td><td>1</td><td>3</td><td>24</td><td>1</td><td>5</td><td>5</td><td>3</td><td>5</td><td>3</td><td>1</td><td>52</td><td>0.05</td><td>299</td><td>0.31</td></tr> | AT15: ="<tr><td>Williams</td><td>"&B15&"</td><td>"&P15&"</td><td>"&Q15&"</td><td>"&R15&"</td><td>"&S15&"</td><td>"&T15&"</td><td>"&U15&"</td><td>"&V15&"</td><td>"&W15&"</td><td>"&X15&"</td><td>"&TEXT(Y15,"0.00")&"</td><td>"&Z15&"</td><td>"&TEXT(AA15,"0.00")&"</td></tr>" -> <tr><td>Williams</td><td>976</td><td>17</td><td>58</td><td>16</td><td>15</td><td>22</td><td>5</td><td>56</td><td>52</td><td>247</td><td>0.25</td><td>299</td><td>0.31</td></tr>
A16: kate | B16: =Louisville!B16+SD!B16+ND!B16+Alabama!B16+UNO!B16+KSU!B16+Indiana!B16+Iowa!B16+Washington!B16+MSU!B16+Michigan!B16+Wisconsin!B16+Maryland!B16+Rutgers!B16+Illinois!B16+USC!B16+UCLA!B16+Purdue!B16 -> 442 | C16: =Louisville!C16+SD!C16+ND!C16+Alabama!C16+UNO!C16+KSU!C16+Indiana!C16+Iowa!C16+Washington!C16+MSU!C16+Michigan!C16+Wisconsin!C16+Maryland!C16+Rutgers!C16+Illinois!C16+USC!C16+UCLA!C16+Purdue!C16 -> 0 | D16: =Louisville!D16+SD!D16+ND!D16+Alabama!D16+UNO!D16+KSU!D16+Indiana!D16+Iowa!D16+Washington!D16+MSU!D16+Michigan!D16+Wisconsin!D16+Maryland!D16+Rutgers!D16+Illinois!D16+USC!D16+UCLA!D16+Purdue!D16 -> 0 | E16: =Louisville!E16+SD!E16+ND!E16+Alabama!E16+UNO!E16+KSU!E16+Indiana!E16+Iowa!E16+Washington!E16+MSU!E16+Michigan!E16+Wisconsin!E16+Maryland!E16+Rutgers!E16+Illinois!E16+USC!E16+UCLA!E16+Purdue!E16 -> 2 | F16: =Louisville!F16+SD!F16+ND!F16+Alabama!F16+UNO!F16+KSU!F16+Indiana!F16+Iowa!F16+Washington!F16+MSU!F16+Michigan!F16+Wisconsin!F16+Maryland!F16+Rutgers!F16+Illinois!F16+USC!F16+UCLA!F16+Purdue!F16 -> 15 | G16: =Louisville!G16+SD!G16+ND!G16+Alabama!G16+UNO!G16+KSU!G16+Indiana!G16+Iowa!G16+Washington!G16+MSU!G16+Michigan!G16+Wisconsin!G16+Maryland!G16+Rutgers!G16+Illinois!G16+USC!G16+UCLA!G16+Purdue!G16 -> 0 | H16: =Louisville!H16+SD!H16+ND!H16+Alabama!H16+UNO!H16+KSU!H16+Indiana!H16+Iowa!H16+Washington!H16+MSU!H16+Michigan!H16+Wisconsin!H16+Maryland!H16+Rutgers!H16+Illinois!H16+USC!H16+UCLA!H16+Purdue!H16 -> 1 | I16: =Louisville!I16+SD!I16+ND!I16+Alabama!I16+UNO!I16+KSU!I16+Indiana!I16+Iowa!I16+Washington!I16+MSU!I16+Michigan!I16+Wisconsin!I16+Maryland!I16+Rutgers!I16+Illinois!I16+USC!I16+UCLA!I16+Purdue!I16 -> 13 | ... N16: =Louisville!N16+SD!N16+ND!N16+Alabama!N16+UNO!N16+KSU!N16+Indiana!N16+Iowa!N16+Washington!N16+MSU!N16+Michigan!N16+Wisconsin!N16+Maryland!N16+Rutgers!N16+Illinois!N16+USC!N16+UCLA!N16+Purdue!N16 -> 76 | O16: =IFERROR(N16/B16,0) -> 0.1719457 | P16: =Louisville!P16+SD!P16+ND!P16+Alabama!P16+UNO!P16+KSU!P16+Indiana!P16+Iowa!P16+Washington!P16+MSU!P16+Michigan!P16+Wisconsin!P16+Maryland!P16+Rutgers!P16+Illinois!P16+USC!P16+UCLA!P16+Purdue!P16 -> 14 | Q16: =Louisville!Q16+SD!Q16+ND!Q16+Alabama!Q16+UNO!Q16+KSU!Q16+Indiana!Q16+Iowa!Q16+Washington!Q16+MSU!Q16+Michigan!Q16+Wisconsin!Q16+Maryland!Q16+Rutgers!Q16+Illinois!Q16+USC!Q16+UCLA!Q16+Purdue!Q16 -> 12 | R16: =Louisville!R16+SD!R16+ND!R16+Alabama!R16+UNO!R16+KSU!R16+Indiana!R16+Iowa!R16+Washington!R16+MSU!R16+Michigan!R16+Wisconsin!R16+Maryland!R16+Rutgers!R16+Illinois!R16+USC!R16+UCLA!R16+Purdue!R16 -> 5 | S16: =Louisville!S16+SD!S16+ND!S16+Alabama!S16+UNO!S16+KSU!S16+Indiana!S16+Iowa!S16+Washington!S16+MSU!S16+Michigan!S16+Wisconsin!S16+Maryland!S16+Rutgers!S16+Illinois!S16+USC!S16+UCLA!S16+Purdue!S16 -> 0 | T16: =Louisville!T16+SD!T16+ND!T16+Alabama!T16+UNO!T16+KSU!T16+Indiana!T16+Iowa!T16+Washington!T16+MSU!T16+Michigan!T16+Wisconsin!T16+Maryland!T16+Rutgers!T16+Illinois!T16+USC!T16+UCLA!T16+Purdue!T16 -> 1 | U16: =Louisville!U16+SD!U16+ND!U16+Alabama!U16+UNO!U16+KSU!U16+Indiana!U16+Iowa!U16+Washington!U16+MSU!U16+Michigan!U16+Wisconsin!U16+Maryland!U16+Rutgers!U16+Illinois!U16+USC!U16+UCLA!U16+Purdue!U16 -> 3 | V16: =Louisville!V16+SD!V16+ND!V16+Alabama!V16+UNO!V16+KSU!V16+Indiana!V16+Iowa!V16+Washington!V16+MSU!V16+Michigan!V16+Wisconsin!V16+Maryland!V16+Rutgers!V16+Illinois!V16+USC!V16+UCLA!V16+Purdue!V16 -> 0 | W16: =Louisville!W16+SD!W16+ND!W16+Alabama!W16+UNO!W16+KSU!W16+Indiana!W16+Iowa!W16+Washington!W16+MSU!W16+Michigan!W16+Wisconsin!W16+Maryland!W16+Rutgers!W16+Illinois!W16+USC!W16+UCLA!W16+Purdue!W16 -> 13 | X16: =Louisville!X16+SD!X16+ND!X16+Alabama!X16+UNO!X16+KSU!X16+Indiana!X16+Iowa!X16+Washington!X16+MSU!X16+Michigan!X16+Wisconsin!X16+Maryland!X16+Rutgers!X16+Illinois!X16+USC!X16+UCLA!X16+Purdue!X16 -> 48 | Y16: =IFERROR(X16/B16,0) -> 0.10859729 | Z16: =Louisville!Z16+SD!Z16+ND!Z16+Alabama!Z16+UNO!Z16+KSU!Z16+Indiana!Z16+Iowa!Z16+Washington!Z16+MSU!Z16+Michigan!Z16+Wisconsin!Z16+Maryland!Z16+Rutgers!Z16+Illinois!Z16+USC!Z16+UCLA!Z16+Purdue!Z16 -> 124 | AA16: =IFERROR(Z16/B16,0) -> 0.28054299 | AC16: ="<tr><td>Eggett</td><td>"&B16&"</td><td>"&C16&"</td><td>"&D16&"</td><td>"&E16&"</td><td>"&F16&"</td><td>"&G16&"</td><td>"&H16&"</td><td>"&I16&"</td><td>"&J16&"</td><td>"&K16&"</td><td>"&L16&"</td><td>"&M16&"</td><td>"&N16&"</td><td>"&TEXT(O16,"0.00")&"</td><td>"&Z16&"</td><td>"&TEXT(AA16,"0.00")&"</td></tr>" -> <tr><td>Eggett</td><td>442</td><td>0</td><td>0</td><td>2</td><td>15</td><td>0</td><td>1</td><td>13</td><td>19</td><td>20</td><td>4</td><td>2</td><td>76</td><td>0.17</td><td>124</td><td>0.28</td></tr> | AT16: ="<tr><td>Eggett</td><td>"&B16&"</td><td>"&P16&"</td><td>"&Q16&"</td><td>"&R16&"</td><td>"&S16&"</td><td>"&T16&"</td><td>"&U16&"</td><td>"&V16&"</td><td>"&W16&"</td><td>"&X16&"</td><td>"&TEXT(Y16,"0.00")&"</td><td>"&Z16&"</td><td>"&TEXT(AA16,"0.00")&"</td></tr>" -> <tr><td>Eggett</td><td>442</td><td>14</td><td>12</td><td>5</td><td>0</td><td>1</td><td>3</td><td>0</td><td>13</td><td>48</td><td>0.11</td><td>124</td><td>0.28</td></tr>
A17: kayma | B17: =Louisville!B17+SD!B17+ND!B17+Alabama!B17+UNO!B17+KSU!B17+Indiana!B17+Iowa!B17+Washington!B17+MSU!B17+Michigan!B17+Wisconsin!B17+Maryland!B17+Rutgers!B17+Illinois!B17+USC!B17+UCLA!B17+Purdue!B17 -> 731 | C17: =Louisville!C17+SD!C17+ND!C17+Alabama!C17+UNO!C17+KSU!C17+Indiana!C17+Iowa!C17+Washington!C17+MSU!C17+Michigan!C17+Wisconsin!C17+Maryland!C17+Rutgers!C17+Illinois!C17+USC!C17+UCLA!C17+Purdue!C17 -> 0 | D17: =Louisville!D17+SD!D17+ND!D17+Alabama!D17+UNO!D17+KSU!D17+Indiana!D17+Iowa!D17+Washington!D17+MSU!D17+Michigan!D17+Wisconsin!D17+Maryland!D17+Rutgers!D17+Illinois!D17+USC!D17+UCLA!D17+Purdue!D17 -> 0 | E17: =Louisville!E17+SD!E17+ND!E17+Alabama!E17+UNO!E17+KSU!E17+Indiana!E17+Iowa!E17+Washington!E17+MSU!E17+Michigan!E17+Wisconsin!E17+Maryland!E17+Rutgers!E17+Illinois!E17+USC!E17+UCLA!E17+Purdue!E17 -> 2 | F17: =Louisville!F17+SD!F17+ND!F17+Alabama!F17+UNO!F17+KSU!F17+Indiana!F17+Iowa!F17+Washington!F17+MSU!F17+Michigan!F17+Wisconsin!F17+Maryland!F17+Rutgers!F17+Illinois!F17+USC!F17+UCLA!F17+Purdue!F17 -> 30 | G17: =Louisville!G17+SD!G17+ND!G17+Alabama!G17+UNO!G17+KSU!G17+Indiana!G17+Iowa!G17+Washington!G17+MSU!G17+Michigan!G17+Wisconsin!G17+Maryland!G17+Rutgers!G17+Illinois!G17+USC!G17+UCLA!G17+Purdue!G17 -> 2 | H17: =Louisville!H17+SD!H17+ND!H17+Alabama!H17+UNO!H17+KSU!H17+Indiana!H17+Iowa!H17+Washington!H17+MSU!H17+Michigan!H17+Wisconsin!H17+Maryland!H17+Rutgers!H17+Illinois!H17+USC!H17+UCLA!H17+Purdue!H17 -> 9 | I17: =Louisville!I17+SD!I17+ND!I17+Alabama!I17+UNO!I17+KSU!I17+Indiana!I17+Iowa!I17+Washington!I17+MSU!I17+Michigan!I17+Wisconsin!I17+Maryland!I17+Rutgers!I17+Illinois!I17+USC!I17+UCLA!I17+Purdue!I17 -> 8 | ... N17: =Louisville!N17+SD!N17+ND!N17+Alabama!N17+UNO!N17+KSU!N17+Indiana!N17+Iowa!N17+Washington!N17+MSU!N17+Michigan!N17+Wisconsin!N17+Maryland!N17+Rutgers!N17+Illinois!N17+USC!N17+UCLA!N17+Purdue!N17 -> 88 | O17: =IFERROR(N17/B17,0) -> 0.12038304 | P17: =Louisville!P17+SD!P17+ND!P17+Alabama!P17+UNO!P17+KSU!P17+Indiana!P17+Iowa!P17+Washington!P17+MSU!P17+Michigan!P17+Wisconsin!P17+Maryland!P17+Rutgers!P17+Illinois!P17+USC!P17+UCLA!P17+Purdue!P17 -> 17 | Q17: =Louisville!Q17+SD!Q17+ND!Q17+Alabama!Q17+UNO!Q17+KSU!Q17+Indiana!Q17+Iowa!Q17+Washington!Q17+MSU!Q17+Michigan!Q17+Wisconsin!Q17+Maryland!Q17+Rutgers!Q17+Illinois!Q17+USC!Q17+UCLA!Q17+Purdue!Q17 -> 21 | R17: =Louisville!R17+SD!R17+ND!R17+Alabama!R17+UNO!R17+KSU!R17+Indiana!R17+Iowa!R17+Washington!R17+MSU!R17+Michigan!R17+Wisconsin!R17+Maryland!R17+Rutgers!R17+Illinois!R17+USC!R17+UCLA!R17+Purdue!R17 -> 15 | S17: =Louisville!S17+SD!S17+ND!S17+Alabama!S17+UNO!S17+KSU!S17+Indiana!S17+Iowa!S17+Washington!S17+MSU!S17+Michigan!S17+Wisconsin!S17+Maryland!S17+Rutgers!S17+Illinois!S17+USC!S17+UCLA!S17+Purdue!S17 -> 7 | T17: =Louisville!T17+SD!T17+ND!T17+Alabama!T17+UNO!T17+KSU!T17+Indiana!T17+Iowa!T17+Washington!T17+MSU!T17+Michigan!T17+Wisconsin!T17+Maryland!T17+Rutgers!T17+Illinois!T17+USC!T17+UCLA!T17+Purdue!T17 -> 9 | U17: =Louisville!U17+SD!U17+ND!U17+Alabama!U17+UNO!U17+KSU!U17+Indiana!U17+Iowa!U17+Washington!U17+MSU!U17+Michigan!U17+Wisconsin!U17+Maryland!U17+Rutgers!U17+Illinois!U17+USC!U17+UCLA!U17+Purdue!U17 -> 5 | V17: =Louisville!V17+SD!V17+ND!V17+Alabama!V17+UNO!V17+KSU!V17+Indiana!V17+Iowa!V17+Washington!V17+MSU!V17+Michigan!V17+Wisconsin!V17+Maryland!V17+Rutgers!V17+Illinois!V17+USC!V17+UCLA!V17+Purdue!V17 -> 16 | W17: =Louisville!W17+SD!W17+ND!W17+Alabama!W17+UNO!W17+KSU!W17+Indiana!W17+Iowa!W17+Washington!W17+MSU!W17+Michigan!W17+Wisconsin!W17+Maryland!W17+Rutgers!W17+Illinois!W17+USC!W17+UCLA!W17+Purdue!W17 -> 32 | X17: =Louisville!X17+SD!X17+ND!X17+Alabama!X17+UNO!X17+KSU!X17+Indiana!X17+Iowa!X17+Washington!X17+MSU!X17+Michigan!X17+Wisconsin!X17+Maryland!X17+Rutgers!X17+Illinois!X17+USC!X17+UCLA!X17+Purdue!X17 -> 121 | Y17: =IFERROR(X17/B17,0) -> 0.16552668 | Z17: =Louisville!Z17+SD!Z17+ND!Z17+Alabama!Z17+UNO!Z17+KSU!Z17+Indiana!Z17+Iowa!Z17+Washington!Z17+MSU!Z17+Michigan!Z17+Wisconsin!Z17+Maryland!Z17+Rutgers!Z17+Illinois!Z17+USC!Z17+UCLA!Z17+Purdue!Z17 -> 209 | AA17: =IFERROR(Z17/B17,0) -> 0.28590971 | AC17: ="<tr><td>Carpenter</td><td>"&B17&"</td><td>"&C17&"</td><td>"&D17&"</td><td>"&E17&"</td><td>"&F17&"</td><td>"&G17&"</td><td>"&H17&"</td><td>"&I17&"</td><td>"&J17&"</td><td>"&K17&"</td><td>"&L17&"</td><td>"&M17&"</td><td>"&N17&"</td><td>"&TEXT(O17,"0.00")&"</td><td>"&Z17&"</td><td>"&TEXT(AA17,"0.00")&"</td></tr>" -> <tr><td>Carpenter</td><td>731</td><td>0</td><td>0</td><td>2</td><td>30</td><td>2</td><td>9</td><td>8</td><td>15</td><td>11</td><td>9</td><td>4</td><td>88</td><td>0.12</td><td>209</td><td>0.29</td></tr> | AT17: ="<tr><td>Carpenter</td><td>"&B17&"</td><td>"&P17&"</td><td>"&Q17&"</td><td>"&R17&"</td><td>"&S17&"</td><td>"&T17&"</td><td>"&U17&"</td><td>"&V17&"</td><td>"&W17&"</td><td>"&X17&"</td><td>"&TEXT(Y17,"0.00")&"</td><td>"&Z17&"</td><td>"&TEXT(AA17,"0.00")&"</td></tr>" -> <tr><td>Carpenter</td><td>731</td><td>17</td><td>21</td><td>15</td><td>7</td><td>9</td><td>5</td><td>16</td><td>32</td><td>121</td><td>0.17</td><td>209</td><td>0.29</td></tr>
A18: mia | B18: =Louisville!B18+SD!B18+ND!B18+Alabama!B18+UNO!B18+KSU!B18+Indiana!B18+Iowa!B18+Washington!B18+MSU!B18+Michigan!B18+Wisconsin!B18+Maryland!B18+Rutgers!B18+Illinois!B18+USC!B18+UCLA!B18+Purdue!B18 -> 0 | C18: =Louisville!C18+SD!C18+ND!C18+Alabama!C18+UNO!C18+KSU!C18+Indiana!C18+Iowa!C18+Washington!C18+MSU!C18+Michigan!C18+Wisconsin!C18+Maryland!C18+Rutgers!C18+Illinois!C18+USC!C18+UCLA!C18+Purdue!C18 -> 0 | D18: =Louisville!D18+SD!D18+ND!D18+Alabama!D18+UNO!D18+KSU!D18+Indiana!D18+Iowa!D18+Washington!D18+MSU!D18+Michigan!D18+Wisconsin!D18+Maryland!D18+Rutgers!D18+Illinois!D18+USC!D18+UCLA!D18+Purdue!D18 -> 0 | E18: =Louisville!E18+SD!E18+ND!E18+Alabama!E18+UNO!E18+KSU!E18+Indiana!E18+Iowa!E18+Washington!E18+MSU!E18+Michigan!E18+Wisconsin!E18+Maryland!E18+Rutgers!E18+Illinois!E18+USC!E18+UCLA!E18+Purdue!E18 -> 0 | F18: =Louisville!F18+SD!F18+ND!F18+Alabama!F18+UNO!F18+KSU!F18+Indiana!F18+Iowa!F18+Washington!F18+MSU!F18+Michigan!F18+Wisconsin!F18+Maryland!F18+Rutgers!F18+Illinois!F18+USC!F18+UCLA!F18+Purdue!F18 -> 0 | G18: =Louisville!G18+SD!G18+ND!G18+Alabama!G18+UNO!G18+KSU!G18+Indiana!G18+Iowa!G18+Washington!G18+MSU!G18+Michigan!G18+Wisconsin!G18+Maryland!G18+Rutgers!G18+Illinois!G18+USC!G18+UCLA!G18+Purdue!G18 -> 0 | H18: =Louisville!H18+SD!H18+ND!H18+Alabama!H18+UNO!H18+KSU!H18+Indiana!H18+Iowa!H18+Washington!H18+MSU!H18+Michigan!H18+Wisconsin!H18+Maryland!H18+Rutgers!H18+Illinois!H18+USC!H18+UCLA!H18+Purdue!H18 -> 0 | I18: =Louisville!I18+SD!I18+ND!I18+Alabama!I18+UNO!I18+KSU!I18+Indiana!I18+Iowa!I18+Washington!I18+MSU!I18+Michigan!I18+Wisconsin!I18+Maryland!I18+Rutgers!I18+Illinois!I18+USC!I18+UCLA!I18+Purdue!I18 -> 0 | ... N18: =Louisville!N18+SD!N18+ND!N18+Alabama!N18+UNO!N18+KSU!N18+Indiana!N18+Iowa!N18+Washington!N18+MSU!N18+Michigan!N18+Wisconsin!N18+Maryland!N18+Rutgers!N18+Illinois!N18+USC!N18+UCLA!N18+Purdue!N18 -> 0 | O18: =IFERROR(N18/B18,0) -> 0 | P18: =Louisville!P18+SD!P18+ND!P18+Alabama!P18+UNO!P18+KSU!P18+Indiana!P18+Iowa!P18+Washington!P18+MSU!P18+Michigan!P18+Wisconsin!P18+Maryland!P18+Rutgers!P18+Illinois!P18+USC!P18+UCLA!P18+Purdue!P18 -> 0 | Q18: =Louisville!Q18+SD!Q18+ND!Q18+Alabama!Q18+UNO!Q18+KSU!Q18+Indiana!Q18+Iowa!Q18+Washington!Q18+MSU!Q18+Michigan!Q18+Wisconsin!Q18+Maryland!Q18+Rutgers!Q18+Illinois!Q18+USC!Q18+UCLA!Q18+Purdue!Q18 -> 0 | R18: =Louisville!R18+SD!R18+ND!R18+Alabama!R18+UNO!R18+KSU!R18+Indiana!R18+Iowa!R18+Washington!R18+MSU!R18+Michigan!R18+Wisconsin!R18+Maryland!R18+Rutgers!R18+Illinois!R18+USC!R18+UCLA!R18+Purdue!R18 -> 0 | S18: =Louisville!S18+SD!S18+ND!S18+Alabama!S18+UNO!S18+KSU!S18+Indiana!S18+Iowa!S18+Washington!S18+MSU!S18+Michigan!S18+Wisconsin!S18+Maryland!S18+Rutgers!S18+Illinois!S18+USC!S18+UCLA!S18+Purdue!S18 -> 0 | T18: =Louisville!T18+SD!T18+ND!T18+Alabama!T18+UNO!T18+KSU!T18+Indiana!T18+Iowa!T18+Washington!T18+MSU!T18+Michigan!T18+Wisconsin!T18+Maryland!T18+Rutgers!T18+Illinois!T18+USC!T18+UCLA!T18+Purdue!T18 -> 0 | U18: =Louisville!U18+SD!U18+ND!U18+Alabama!U18+UNO!U18+KSU!U18+Indiana!U18+Iowa!U18+Washington!U18+MSU!U18+Michigan!U18+Wisconsin!U18+Maryland!U18+Rutgers!U18+Illinois!U18+USC!U18+UCLA!U18+Purdue!U18 -> 0 | V18: =Louisville!V18+SD!V18+ND!V18+Alabama!V18+UNO!V18+KSU!V18+Indiana!V18+Iowa!V18+Washington!V18+MSU!V18+Michigan!V18+Wisconsin!V18+Maryland!V18+Rutgers!V18+Illinois!V18+USC!V18+UCLA!V18+Purdue!V18 -> 0 | W18: =Louisville!W18+SD!W18+ND!W18+Alabama!W18+UNO!W18+KSU!W18+Indiana!W18+Iowa!W18+Washington!W18+MSU!W18+Michigan!W18+Wisconsin!W18+Maryland!W18+Rutgers!W18+Illinois!W18+USC!W18+UCLA!W18+Purdue!W18 -> 0 | X18: =Louisville!X18+SD!X18+ND!X18+Alabama!X18+UNO!X18+KSU!X18+Indiana!X18+Iowa!X18+Washington!X18+MSU!X18+Michigan!X18+Wisconsin!X18+Maryland!X18+Rutgers!X18+Illinois!X18+USC!X18+UCLA!X18+Purdue!X18 -> 0 | Y18: =IFERROR(X18/B18,0) -> 0 | Z18: =Louisville!Z18+SD!Z18+ND!Z18+Alabama!Z18+UNO!Z18+KSU!Z18+Indiana!Z18+Iowa!Z18+Washington!Z18+MSU!Z18+Michigan!Z18+Wisconsin!Z18+Maryland!Z18+Rutgers!Z18+Illinois!Z18+USC!Z18+UCLA!Z18+Purdue!Z18 -> 0 | AA18: =IFERROR(Z18/B18,0) -> 0 | AC18: ="<tr><td>Cairone</td><td>"&B18&"</td><td>"&C18&"</td><td>"&D18&"</td><td>"&E18&"</td><td>"&F18&"</td><td>"&G18&"</td><td>"&H18&"</td><td>"&I18&"</td><td>"&J18&"</td><td>"&K18&"</td><td>"&L18&"</td><td>"&M18&"</td><td>"&N18&"</td><td>"&TEXT(O18,"0.00")&"</td><td>"&Z18&"</td><td>"&TEXT(AA18,"0.00")&"</td></tr>" -> <tr><td>Cairone</td><td>0</td><td>0</td><td>0</td><td>0</td><td>0</td><td>0</td><td>0</td><td>0</td><td>0</td><td>0</td><td>0</td><td>0</td><td>0</td><td>0.00</td><td>0</td><td>0.00</td></tr> | AT18: ="<tr><td>Cairone</td><td>"&B18&"</td><td>"&P18&"</td><td>"&Q18&"</td><td>"&R18&"</td><td>"&S18&"</td><td>"&T18&"</td><td>"&U18&"</td><td>"&V18&"</td><td>"&W18&"</td><td>"&X18&"</td><td>"&TEXT(Y18,"0.00")&"</td><td>"&Z18&"</td><td>"&TEXT(AA18,"0.00")&"</td></tr>" -> <tr><td>Cairone</td><td>0</td><td>0</td><td>0</td><td>0</td><td>0</td><td>0</td><td>0</td><td>0</td><td>0</td><td>0</td><td>0.00</td><td>0</td><td>0.00</td></tr>
A19: nathalie | B19: =Louisville!B19+SD!B19+ND!B19+Alabama!B19+UNO!B19+KSU!B19+Indiana!B19+Iowa!B19+Washington!B19+MSU!B19+Michigan!B19+Wisconsin!B19+Maryland!B19+Rutgers!B19+Illinois!B19+USC!B19+UCLA!B19+Purdue!B19 -> 698 | C19: =Louisville!C19+SD!C19+ND!C19+Alabama!C19+UNO!C19+KSU!C19+Indiana!C19+Iowa!C19+Washington!C19+MSU!C19+Michigan!C19+Wisconsin!C19+Maryland!C19+Rutgers!C19+Illinois!C19+USC!C19+UCLA!C19+Purdue!C19 -> 2 | D19: =Louisville!D19+SD!D19+ND!D19+Alabama!D19+UNO!D19+KSU!D19+Indiana!D19+Iowa!D19+Washington!D19+MSU!D19+Michigan!D19+Wisconsin!D19+Maryland!D19+Rutgers!D19+Illinois!D19+USC!D19+UCLA!D19+Purdue!D19 -> 0 | E19: =Louisville!E19+SD!E19+ND!E19+Alabama!E19+UNO!E19+KSU!E19+Indiana!E19+Iowa!E19+Washington!E19+MSU!E19+Michigan!E19+Wisconsin!E19+Maryland!E19+Rutgers!E19+Illinois!E19+USC!E19+UCLA!E19+Purdue!E19 -> 4 | F19: =Louisville!F19+SD!F19+ND!F19+Alabama!F19+UNO!F19+KSU!F19+Indiana!F19+Iowa!F19+Washington!F19+MSU!F19+Michigan!F19+Wisconsin!F19+Maryland!F19+Rutgers!F19+Illinois!F19+USC!F19+UCLA!F19+Purdue!F19 -> 11 | G19: =Louisville!G19+SD!G19+ND!G19+Alabama!G19+UNO!G19+KSU!G19+Indiana!G19+Iowa!G19+Washington!G19+MSU!G19+Michigan!G19+Wisconsin!G19+Maryland!G19+Rutgers!G19+Illinois!G19+USC!G19+UCLA!G19+Purdue!G19 -> 0 | H19: =Louisville!H19+SD!H19+ND!H19+Alabama!H19+UNO!H19+KSU!H19+Indiana!H19+Iowa!H19+Washington!H19+MSU!H19+Michigan!H19+Wisconsin!H19+Maryland!H19+Rutgers!H19+Illinois!H19+USC!H19+UCLA!H19+Purdue!H19 -> 6 | I19: =Louisville!I19+SD!I19+ND!I19+Alabama!I19+UNO!I19+KSU!I19+Indiana!I19+Iowa!I19+Washington!I19+MSU!I19+Michigan!I19+Wisconsin!I19+Maryland!I19+Rutgers!I19+Illinois!I19+USC!I19+UCLA!I19+Purdue!I19 -> 17 | ... N19: =Louisville!N19+SD!N19+ND!N19+Alabama!N19+UNO!N19+KSU!N19+Indiana!N19+Iowa!N19+Washington!N19+MSU!N19+Michigan!N19+Wisconsin!N19+Maryland!N19+Rutgers!N19+Illinois!N19+USC!N19+UCLA!N19+Purdue!N19 -> 81 | O19: =IFERROR(N19/B19,0) -> 0.11604585 | P19: =Louisville!P19+SD!P19+ND!P19+Alabama!P19+UNO!P19+KSU!P19+Indiana!P19+Iowa!P19+Washington!P19+MSU!P19+Michigan!P19+Wisconsin!P19+Maryland!P19+Rutgers!P19+Illinois!P19+USC!P19+UCLA!P19+Purdue!P19 -> 14 | Q19: =Louisville!Q19+SD!Q19+ND!Q19+Alabama!Q19+UNO!Q19+KSU!Q19+Indiana!Q19+Iowa!Q19+Washington!Q19+MSU!Q19+Michigan!Q19+Wisconsin!Q19+Maryland!Q19+Rutgers!Q19+Illinois!Q19+USC!Q19+UCLA!Q19+Purdue!Q19 -> 9 | R19: =Louisville!R19+SD!R19+ND!R19+Alabama!R19+UNO!R19+KSU!R19+Indiana!R19+Iowa!R19+Washington!R19+MSU!R19+Michigan!R19+Wisconsin!R19+Maryland!R19+Rutgers!R19+Illinois!R19+USC!R19+UCLA!R19+Purdue!R19 -> 6 | S19: =Louisville!S19+SD!S19+ND!S19+Alabama!S19+UNO!S19+KSU!S19+Indiana!S19+Iowa!S19+Washington!S19+MSU!S19+Michigan!S19+Wisconsin!S19+Maryland!S19+Rutgers!S19+Illinois!S19+USC!S19+UCLA!S19+Purdue!S19 -> 0 | T19: =Louisville!T19+SD!T19+ND!T19+Alabama!T19+UNO!T19+KSU!T19+Indiana!T19+Iowa!T19+Washington!T19+MSU!T19+Michigan!T19+Wisconsin!T19+Maryland!T19+Rutgers!T19+Illinois!T19+USC!T19+UCLA!T19+Purdue!T19 -> 2 | U19: =Louisville!U19+SD!U19+ND!U19+Alabama!U19+UNO!U19+KSU!U19+Indiana!U19+Iowa!U19+Washington!U19+MSU!U19+Michigan!U19+Wisconsin!U19+Maryland!U19+Rutgers!U19+Illinois!U19+USC!U19+UCLA!U19+Purdue!U19 -> 1 | V19: =Louisville!V19+SD!V19+ND!V19+Alabama!V19+UNO!V19+KSU!V19+Indiana!V19+Iowa!V19+Washington!V19+MSU!V19+Michigan!V19+Wisconsin!V19+Maryland!V19+Rutgers!V19+Illinois!V19+USC!V19+UCLA!V19+Purdue!V19 -> 0 | W19: =Louisville!W19+SD!W19+ND!W19+Alabama!W19+UNO!W19+KSU!W19+Indiana!W19+Iowa!W19+Washington!W19+MSU!W19+Michigan!W19+Wisconsin!W19+Maryland!W19+Rutgers!W19+Illinois!W19+USC!W19+UCLA!W19+Purdue!W19 -> 21 | X19: =Louisville!X19+SD!X19+ND!X19+Alabama!X19+UNO!X19+KSU!X19+Indiana!X19+Iowa!X19+Washington!X19+MSU!X19+Michigan!X19+Wisconsin!X19+Maryland!X19+Rutgers!X19+Illinois!X19+USC!X19+UCLA!X19+Purdue!X19 -> 53 | Y19: =IFERROR(X19/B19,0) -> 0.075931232 | Z19: =Louisville!Z19+SD!Z19+ND!Z19+Alabama!Z19+UNO!Z19+KSU!Z19+Indiana!Z19+Iowa!Z19+Washington!Z19+MSU!Z19+Michigan!Z19+Wisconsin!Z19+Maryland!Z19+Rutgers!Z19+Illinois!Z19+USC!Z19+UCLA!Z19+Purdue!Z19 -> 134 | AA19: =IFERROR(Z19/B19,0) -> 0.19197708 | AC19: ="<tr><td>Lewis</td><td>"&B19&"</td><td>"&C19&"</td><td>"&D19&"</td><td>"&E19&"</td><td>"&F19&"</td><td>"&G19&"</td><td>"&H19&"</td><td>"&I19&"</td><td>"&J19&"</td><td>"&K19&"</td><td>"&L19&"</td><td>"&M19&"</td><td>"&N19&"</td><td>"&TEXT(O19,"0.00")&"</td><td>"&Z19&"</td><td>"&TEXT(AA19,"0.00")&"</td></tr>" -> <tr><td>Lewis</td><td>698</td><td>2</td><td>0</td><td>4</td><td>11</td><td>0</td><td>6</td><td>17</td><td>10</td><td>9</td><td>8</td><td>12</td><td>81</td><td>0.12</td><td>134</td><td>0.19</td></tr> | AT19: ="<tr><td>Lewis</td><td>"&B19&"</td><td>"&P19&"</td><td>"&Q19&"</td><td>"&R19&"</td><td>"&S19&"</td><td>"&T19&"</td><td>"&U19&"</td><td>"&V19&"</td><td>"&W19&"</td><td>"&X19&"</td><td>"&TEXT(Y19,"0.00")&"</td><td>"&Z19&"</td><td>"&TEXT(AA19,"0.00")&"</td></tr>" -> <tr><td>Lewis</td><td>698</td><td>14</td><td>9</td><td>6</td><td>0</td><td>2</td><td>1</td><td>0</td><td>21</td><td>53</td><td>0.08</td><td>134</td><td>0.19</td></tr>
A20: paige | B20: =Louisville!B20+SD!B20+ND!B20+Alabama!B20+UNO!B20+KSU!B20+Indiana!B20+Iowa!B20+Washington!B20+MSU!B20+Michigan!B20+Wisconsin!B20+Maryland!B20+Rutgers!B20+Illinois!B20+USC!B20+UCLA!B20+Purdue!B20 -> 0 | C20: =Louisville!C20+SD!C20+ND!C20+Alabama!C20+UNO!C20+KSU!C20+Indiana!C20+Iowa!C20+Washington!C20+MSU!C20+Michigan!C20+Wisconsin!C20+Maryland!C20+Rutgers!C20+Illinois!C20+USC!C20+UCLA!C20+Purdue!C20 -> 0 | D20: =Louisville!D20+SD!D20+ND!D20+Alabama!D20+UNO!D20+KSU!D20+Indiana!D20+Iowa!D20+Washington!D20+MSU!D20+Michigan!D20+Wisconsin!D20+Maryland!D20+Rutgers!D20+Illinois!D20+USC!D20+UCLA!D20+Purdue!D20 -> 0 | E20: =Louisville!E20+SD!E20+ND!E20+Alabama!E20+UNO!E20+KSU!E20+Indiana!E20+Iowa!E20+Washington!E20+MSU!E20+Michigan!E20+Wisconsin!E20+Maryland!E20+Rutgers!E20+Illinois!E20+USC!E20+UCLA!E20+Purdue!E20 -> 0 | F20: =Louisville!F20+SD!F20+ND!F20+Alabama!F20+UNO!F20+KSU!F20+Indiana!F20+Iowa!F20+Washington!F20+MSU!F20+Michigan!F20+Wisconsin!F20+Maryland!F20+Rutgers!F20+Illinois!F20+USC!F20+UCLA!F20+Purdue!F20 -> 0 | G20: =Louisville!G20+SD!G20+ND!G20+Alabama!G20+UNO!G20+KSU!G20+Indiana!G20+Iowa!G20+Washington!G20+MSU!G20+Michigan!G20+Wisconsin!G20+Maryland!G20+Rutgers!G20+Illinois!G20+USC!G20+UCLA!G20+Purdue!G20 -> 0 | H20: =Louisville!H20+SD!H20+ND!H20+Alabama!H20+UNO!H20+KSU!H20+Indiana!H20+Iowa!H20+Washington!H20+MSU!H20+Michigan!H20+Wisconsin!H20+Maryland!H20+Rutgers!H20+Illinois!H20+USC!H20+UCLA!H20+Purdue!H20 -> 0 | I20: =Louisville!I20+SD!I20+ND!I20+Alabama!I20+UNO!I20+KSU!I20+Indiana!I20+Iowa!I20+Washington!I20+MSU!I20+Michigan!I20+Wisconsin!I20+Maryland!I20+Rutgers!I20+Illinois!I20+USC!I20+UCLA!I20+Purdue!I20 -> 0 | ... N20: =Louisville!N20+SD!N20+ND!N20+Alabama!N20+UNO!N20+KSU!N20+Indiana!N20+Iowa!N20+Washington!N20+MSU!N20+Michigan!N20+Wisconsin!N20+Maryland!N20+Rutgers!N20+Illinois!N20+USC!N20+UCLA!N20+Purdue!N20 -> 0 | O20: =IFERROR(N20/B20,0) -> 0 | P20: =Louisville!P20+SD!P20+ND!P20+Alabama!P20+UNO!P20+KSU!P20+Indiana!P20+Iowa!P20+Washington!P20+MSU!P20+Michigan!P20+Wisconsin!P20+Maryland!P20+Rutgers!P20+Illinois!P20+USC!P20+UCLA!P20+Purdue!P20 -> 0 | Q20: =Louisville!Q20+SD!Q20+ND!Q20+Alabama!Q20+UNO!Q20+KSU!Q20+Indiana!Q20+Iowa!Q20+Washington!Q20+MSU!Q20+Michigan!Q20+Wisconsin!Q20+Maryland!Q20+Rutgers!Q20+Illinois!Q20+USC!Q20+UCLA!Q20+Purdue!Q20 -> 0 | R20: =Louisville!R20+SD!R20+ND!R20+Alabama!R20+UNO!R20+KSU!R20+Indiana!R20+Iowa!R20+Washington!R20+MSU!R20+Michigan!R20+Wisconsin!R20+Maryland!R20+Rutgers!R20+Illinois!R20+USC!R20+UCLA!R20+Purdue!R20 -> 0 | S20: =Louisville!S20+SD!S20+ND!S20+Alabama!S20+UNO!S20+KSU!S20+Indiana!S20+Iowa!S20+Washington!S20+MSU!S20+Michigan!S20+Wisconsin!S20+Maryland!S20+Rutgers!S20+Illinois!S20+USC!S20+UCLA!S20+Purdue!S20 -> 0 | T20: =Louisville!T20+SD!T20+ND!T20+Alabama!T20+UNO!T20+KSU!T20+Indiana!T20+Iowa!T20+Washington!T20+MSU!T20+Michigan!T20+Wisconsin!T20+Maryland!T20+Rutgers!T20+Illinois!T20+USC!T20+UCLA!T20+Purdue!T20 -> 0 | U20: =Louisville!U20+SD!U20+ND!U20+Alabama!U20+UNO!U20+KSU!U20+Indiana!U20+Iowa!U20+Washington!U20+MSU!U20+Michigan!U20+Wisconsin!U20+Maryland!U20+Rutgers!U20+Illinois!U20+USC!U20+UCLA!U20+Purdue!U20 -> 0 | V20: =Louisville!V20+SD!V20+ND!V20+Alabama!V20+UNO!V20+KSU!V20+Indiana!V20+Iowa!V20+Washington!V20+MSU!V20+Michigan!V20+Wisconsin!V20+Maryland!V20+Rutgers!V20+Illinois!V20+USC!V20+UCLA!V20+Purdue!V20 -> 0 | W20: =Louisville!W20+SD!W20+ND!W20+Alabama!W20+UNO!W20+KSU!W20+Indiana!W20+Iowa!W20+Washington!W20+MSU!W20+Michigan!W20+Wisconsin!W20+Maryland!W20+Rutgers!W20+Illinois!W20+USC!W20+UCLA!W20+Purdue!W20 -> 0 | X20: =Louisville!X20+SD!X20+ND!X20+Alabama!X20+UNO!X20+KSU!X20+Indiana!X20+Iowa!X20+Washington!X20+MSU!X20+Michigan!X20+Wisconsin!X20+Maryland!X20+Rutgers!X20+Illinois!X20+USC!X20+UCLA!X20+Purdue!X20 -> 0 | Y20: =IFERROR(X20/B20,0) -> 0 | Z20: =Louisville!Z20+SD!Z20+ND!Z20+Alabama!Z20+UNO!Z20+KSU!Z20+Indiana!Z20+Iowa!Z20+Washington!Z20+MSU!Z20+Michigan!Z20+Wisconsin!Z20+Maryland!Z20+Rutgers!Z20+Illinois!Z20+USC!Z20+UCLA!Z20+Purdue!Z20 -> 0 | AA20: =IFERROR(Z20/B20,0) -> 0 | AC20: ="<tr><td>Miller</td><td>"&B20&"</td><td>"&C20&"</td><td>"&D20&"</td><td>"&E20&"</td><td>"&F20&"</td><td>"&G20&"</td><td>"&H20&"</td><td>"&I20&"</td><td>"&J20&"</td><td>"&K20&"</td><td>"&L20&"</td><td>"&M20&"</td><td>"&N20&"</td><td>"&TEXT(O20,"0.00")&"</td><td>"&Z20&"</td><td>"&TEXT(AA20,"0.00")&"</td></tr>" -> <tr><td>Miller</td><td>0</td><td>0</td><td>0</td><td>0</td><td>0</td><td>0</td><td>0</td><td>0</td><td>0</td><td>0</td><td>0</td><td>0</td><td>0</td><td>0.00</td><td>0</td><td>0.00</td></tr> | AT20: ="<tr><td>Miller</td><td>"&B20&"</td><td>"&P20&"</td><td>"&Q20&"</td><td>"&R20&"</td><td>"&S20&"</td><td>"&T20&"</td><td>"&U20&"</td><td>"&V20&"</td><td>"&W20&"</td><td>"&X20&"</td><td>"&TEXT(Y20,"0.00")&"</td><td>"&Z20&"</td><td>"&TEXT(AA20,"0.00")&"</td></tr>" -> <tr><td>Miller</td><td>0</td><td>0</td><td>0</td><td>0</td><td>0</td><td>0</td><td>0</td><td>0</td><td>0</td><td>0</td><td>0.00</td><td>0</td><td>0.00</td></tr>
A21: prez | B21: =Louisville!B21+SD!B21+ND!B21+Alabama!B21+UNO!B21+KSU!B21+Indiana!B21+Iowa!B21+Washington!B21+MSU!B21+Michigan!B21+Wisconsin!B21+Maryland!B21+Rutgers!B21+Illinois!B21+USC!B21+UCLA!B21+Purdue!B21 -> 820 | C21: =Louisville!C21+SD!C21+ND!C21+Alabama!C21+UNO!C21+KSU!C21+Indiana!C21+Iowa!C21+Washington!C21+MSU!C21+Michigan!C21+Wisconsin!C21+Maryland!C21+Rutgers!C21+Illinois!C21+USC!C21+UCLA!C21+Purdue!C21 -> 1 | D21: =Louisville!D21+SD!D21+ND!D21+Alabama!D21+UNO!D21+KSU!D21+Indiana!D21+Iowa!D21+Washington!D21+MSU!D21+Michigan!D21+Wisconsin!D21+Maryland!D21+Rutgers!D21+Illinois!D21+USC!D21+UCLA!D21+Purdue!D21 -> 0 | E21: =Louisville!E21+SD!E21+ND!E21+Alabama!E21+UNO!E21+KSU!E21+Indiana!E21+Iowa!E21+Washington!E21+MSU!E21+Michigan!E21+Wisconsin!E21+Maryland!E21+Rutgers!E21+Illinois!E21+USC!E21+UCLA!E21+Purdue!E21 -> 1 | F21: =Louisville!F21+SD!F21+ND!F21+Alabama!F21+UNO!F21+KSU!F21+Indiana!F21+Iowa!F21+Washington!F21+MSU!F21+Michigan!F21+Wisconsin!F21+Maryland!F21+Rutgers!F21+Illinois!F21+USC!F21+UCLA!F21+Purdue!F21 -> 35 | G21: =Louisville!G21+SD!G21+ND!G21+Alabama!G21+UNO!G21+KSU!G21+Indiana!G21+Iowa!G21+Washington!G21+MSU!G21+Michigan!G21+Wisconsin!G21+Maryland!G21+Rutgers!G21+Illinois!G21+USC!G21+UCLA!G21+Purdue!G21 -> 4 | H21: =Louisville!H21+SD!H21+ND!H21+Alabama!H21+UNO!H21+KSU!H21+Indiana!H21+Iowa!H21+Washington!H21+MSU!H21+Michigan!H21+Wisconsin!H21+Maryland!H21+Rutgers!H21+Illinois!H21+USC!H21+UCLA!H21+Purdue!H21 -> 2 | I21: =Louisville!I21+SD!I21+ND!I21+Alabama!I21+UNO!I21+KSU!I21+Indiana!I21+Iowa!I21+Washington!I21+MSU!I21+Michigan!I21+Wisconsin!I21+Maryland!I21+Rutgers!I21+Illinois!I21+USC!I21+UCLA!I21+Purdue!I21 -> 13 | ... N21: =Louisville!N21+SD!N21+ND!N21+Alabama!N21+UNO!N21+KSU!N21+Indiana!N21+Iowa!N21+Washington!N21+MSU!N21+Michigan!N21+Wisconsin!N21+Maryland!N21+Rutgers!N21+Illinois!N21+USC!N21+UCLA!N21+Purdue!N21 -> 85 | O21: =IFERROR(N21/B21,0) -> 0.10365854 | P21: =Louisville!P21+SD!P21+ND!P21+Alabama!P21+UNO!P21+KSU!P21+Indiana!P21+Iowa!P21+Washington!P21+MSU!P21+Michigan!P21+Wisconsin!P21+Maryland!P21+Rutgers!P21+Illinois!P21+USC!P21+UCLA!P21+Purdue!P21 -> 34 | Q21: =Louisville!Q21+SD!Q21+ND!Q21+Alabama!Q21+UNO!Q21+KSU!Q21+Indiana!Q21+Iowa!Q21+Washington!Q21+MSU!Q21+Michigan!Q21+Wisconsin!Q21+Maryland!Q21+Rutgers!Q21+Illinois!Q21+USC!Q21+UCLA!Q21+Purdue!Q21 -> 45 | R21: =Louisville!R21+SD!R21+ND!R21+Alabama!R21+UNO!R21+KSU!R21+Indiana!R21+Iowa!R21+Washington!R21+MSU!R21+Michigan!R21+Wisconsin!R21+Maryland!R21+Rutgers!R21+Illinois!R21+USC!R21+UCLA!R21+Purdue!R21 -> 16 | S21: =Louisville!S21+SD!S21+ND!S21+Alabama!S21+UNO!S21+KSU!S21+Indiana!S21+Iowa!S21+Washington!S21+MSU!S21+Michigan!S21+Wisconsin!S21+Maryland!S21+Rutgers!S21+Illinois!S21+USC!S21+UCLA!S21+Purdue!S21 -> 3 | T21: =Louisville!T21+SD!T21+ND!T21+Alabama!T21+UNO!T21+KSU!T21+Indiana!T21+Iowa!T21+Washington!T21+MSU!T21+Michigan!T21+Wisconsin!T21+Maryland!T21+Rutgers!T21+Illinois!T21+USC!T21+UCLA!T21+Purdue!T21 -> 8 | U21: =Louisville!U21+SD!U21+ND!U21+Alabama!U21+UNO!U21+KSU!U21+Indiana!U21+Iowa!U21+Washington!U21+MSU!U21+Michigan!U21+Wisconsin!U21+Maryland!U21+Rutgers!U21+Illinois!U21+USC!U21+UCLA!U21+Purdue!U21 -> 7 | V21: =Louisville!V21+SD!V21+ND!V21+Alabama!V21+UNO!V21+KSU!V21+Indiana!V21+Iowa!V21+Washington!V21+MSU!V21+Michigan!V21+Wisconsin!V21+Maryland!V21+Rutgers!V21+Illinois!V21+USC!V21+UCLA!V21+Purdue!V21 -> 50 | W21: =Louisville!W21+SD!W21+ND!W21+Alabama!W21+UNO!W21+KSU!W21+Indiana!W21+Iowa!W21+Washington!W21+MSU!W21+Michigan!W21+Wisconsin!W21+Maryland!W21+Rutgers!W21+Illinois!W21+USC!W21+UCLA!W21+Purdue!W21 -> 53 | X21: =Louisville!X21+SD!X21+ND!X21+Alabama!X21+UNO!X21+KSU!X21+Indiana!X21+Iowa!X21+Washington!X21+MSU!X21+Michigan!X21+Wisconsin!X21+Maryland!X21+Rutgers!X21+Illinois!X21+USC!X21+UCLA!X21+Purdue!X21 -> 216 | Y21: =IFERROR(X21/B21,0) -> 0.26341463 | Z21: =Louisville!Z21+SD!Z21+ND!Z21+Alabama!Z21+UNO!Z21+KSU!Z21+Indiana!Z21+Iowa!Z21+Washington!Z21+MSU!Z21+Michigan!Z21+Wisconsin!Z21+Maryland!Z21+Rutgers!Z21+Illinois!Z21+USC!Z21+UCLA!Z21+Purdue!Z21 -> 301 | AA21: =IFERROR(Z21/B21,0) -> 0.36707317 | AC21: ="<tr><td>Snowden</td><td>"&B21&"</td><td>"&C21&"</td><td>"&D21&"</td><td>"&E21&"</td><td>"&F21&"</td><td>"&G21&"</td><td>"&H21&"</td><td>"&I21&"</td><td>"&J21&"</td><td>"&K21&"</td><td>"&L21&"</td><td>"&M21&"</td><td>"&N21&"</td><td>"&TEXT(O21,"0.00")&"</td><td>"&Z21&"</td><td>"&TEXT(AA21,"0.00")&"</td></tr>" -> <tr><td>Snowden</td><td>820</td><td>1</td><td>0</td><td>1</td><td>35</td><td>4</td><td>2</td><td>13</td><td>16</td><td>9</td><td>5</td><td>3</td><td>85</td><td>0.10</td><td>301</td><td>0.37</td></tr> | AT21: ="<tr><td>Snowden</td><td>"&B21&"</td><td>"&P21&"</td><td>"&Q21&"</td><td>"&R21&"</td><td>"&S21&"</td><td>"&T21&"</td><td>"&U21&"</td><td>"&V21&"</td><td>"&W21&"</td><td>"&X21&"</td><td>"&TEXT(Y21,"0.00")&"</td><td>"&Z21&"</td><td>"&TEXT(AA21,"0.00")&"</td></tr>" -> <tr><td>Snowden</td><td>820</td><td>34</td><td>45</td><td>16</td><td>3</td><td>8</td><td>7</td><td>50</td><td>53</td><td>216</td><td>0.26</td><td>301</td><td>0.37</td></tr>
A22: reese b | B22: =Louisville!B22+SD!B22+ND!B22+Alabama!B22+UNO!B22+KSU!B22+Indiana!B22+Iowa!B22+Washington!B22+MSU!B22+Michigan!B22+Wisconsin!B22+Maryland!B22+Rutgers!B22+Illinois!B22+USC!B22+UCLA!B22+Purdue!B22 -> 984 | C22: =Louisville!C22+SD!C22+ND!C22+Alabama!C22+UNO!C22+KSU!C22+Indiana!C22+Iowa!C22+Washington!C22+MSU!C22+Michigan!C22+Wisconsin!C22+Maryland!C22+Rutgers!C22+Illinois!C22+USC!C22+UCLA!C22+Purdue!C22 -> 1 | D22: =Louisville!D22+SD!D22+ND!D22+Alabama!D22+UNO!D22+KSU!D22+Indiana!D22+Iowa!D22+Washington!D22+MSU!D22+Michigan!D22+Wisconsin!D22+Maryland!D22+Rutgers!D22+Illinois!D22+USC!D22+UCLA!D22+Purdue!D22 -> 1 | E22: =Louisville!E22+SD!E22+ND!E22+Alabama!E22+UNO!E22+KSU!E22+Indiana!E22+Iowa!E22+Washington!E22+MSU!E22+Michigan!E22+Wisconsin!E22+Maryland!E22+Rutgers!E22+Illinois!E22+USC!E22+UCLA!E22+Purdue!E22 -> 1 | F22: =Louisville!F22+SD!F22+ND!F22+Alabama!F22+UNO!F22+KSU!F22+Indiana!F22+Iowa!F22+Washington!F22+MSU!F22+Michigan!F22+Wisconsin!F22+Maryland!F22+Rutgers!F22+Illinois!F22+USC!F22+UCLA!F22+Purdue!F22 -> 24 | G22: =Louisville!G22+SD!G22+ND!G22+Alabama!G22+UNO!G22+KSU!G22+Indiana!G22+Iowa!G22+Washington!G22+MSU!G22+Michigan!G22+Wisconsin!G22+Maryland!G22+Rutgers!G22+Illinois!G22+USC!G22+UCLA!G22+Purdue!G22 -> 1 | H22: =Louisville!H22+SD!H22+ND!H22+Alabama!H22+UNO!H22+KSU!H22+Indiana!H22+Iowa!H22+Washington!H22+MSU!H22+Michigan!H22+Wisconsin!H22+Maryland!H22+Rutgers!H22+Illinois!H22+USC!H22+UCLA!H22+Purdue!H22 -> 2 | I22: =Louisville!I22+SD!I22+ND!I22+Alabama!I22+UNO!I22+KSU!I22+Indiana!I22+Iowa!I22+Washington!I22+MSU!I22+Michigan!I22+Wisconsin!I22+Maryland!I22+Rutgers!I22+Illinois!I22+USC!I22+UCLA!I22+Purdue!I22 -> 2 | ... N22: =Louisville!N22+SD!N22+ND!N22+Alabama!N22+UNO!N22+KSU!N22+Indiana!N22+Iowa!N22+Washington!N22+MSU!N22+Michigan!N22+Wisconsin!N22+Maryland!N22+Rutgers!N22+Illinois!N22+USC!N22+UCLA!N22+Purdue!N22 -> 68 | O22: =IFERROR(N22/B22,0) -> 0.069105691 | P22: =Louisville!P22+SD!P22+ND!P22+Alabama!P22+UNO!P22+KSU!P22+Indiana!P22+Iowa!P22+Washington!P22+MSU!P22+Michigan!P22+Wisconsin!P22+Maryland!P22+Rutgers!P22+Illinois!P22+USC!P22+UCLA!P22+Purdue!P22 -> 33 | Q22: =Louisville!Q22+SD!Q22+ND!Q22+Alabama!Q22+UNO!Q22+KSU!Q22+Indiana!Q22+Iowa!Q22+Washington!Q22+MSU!Q22+Michigan!Q22+Wisconsin!Q22+Maryland!Q22+Rutgers!Q22+Illinois!Q22+USC!Q22+UCLA!Q22+Purdue!Q22 -> 53 | R22: =Louisville!R22+SD!R22+ND!R22+Alabama!R22+UNO!R22+KSU!R22+Indiana!R22+Iowa!R22+Washington!R22+MSU!R22+Michigan!R22+Wisconsin!R22+Maryland!R22+Rutgers!R22+Illinois!R22+USC!R22+UCLA!R22+Purdue!R22 -> 19 | S22: =Louisville!S22+SD!S22+ND!S22+Alabama!S22+UNO!S22+KSU!S22+Indiana!S22+Iowa!S22+Washington!S22+MSU!S22+Michigan!S22+Wisconsin!S22+Maryland!S22+Rutgers!S22+Illinois!S22+USC!S22+UCLA!S22+Purdue!S22 -> 12 | T22: =Louisville!T22+SD!T22+ND!T22+Alabama!T22+UNO!T22+KSU!T22+Indiana!T22+Iowa!T22+Washington!T22+MSU!T22+Michigan!T22+Wisconsin!T22+Maryland!T22+Rutgers!T22+Illinois!T22+USC!T22+UCLA!T22+Purdue!T22 -> 33 | U22: =Louisville!U22+SD!U22+ND!U22+Alabama!U22+UNO!U22+KSU!U22+Indiana!U22+Iowa!U22+Washington!U22+MSU!U22+Michigan!U22+Wisconsin!U22+Maryland!U22+Rutgers!U22+Illinois!U22+USC!U22+UCLA!U22+Purdue!U22 -> 6 | V22: =Louisville!V22+SD!V22+ND!V22+Alabama!V22+UNO!V22+KSU!V22+Indiana!V22+Iowa!V22+Washington!V22+MSU!V22+Michigan!V22+Wisconsin!V22+Maryland!V22+Rutgers!V22+Illinois!V22+USC!V22+UCLA!V22+Purdue!V22 -> 125 | W22: =Louisville!W22+SD!W22+ND!W22+Alabama!W22+UNO!W22+KSU!W22+Indiana!W22+Iowa!W22+Washington!W22+MSU!W22+Michigan!W22+Wisconsin!W22+Maryland!W22+Rutgers!W22+Illinois!W22+USC!W22+UCLA!W22+Purdue!W22 -> 32 | X22: =Louisville!X22+SD!X22+ND!X22+Alabama!X22+UNO!X22+KSU!X22+Indiana!X22+Iowa!X22+Washington!X22+MSU!X22+Michigan!X22+Wisconsin!X22+Maryland!X22+Rutgers!X22+Illinois!X22+USC!X22+UCLA!X22+Purdue!X22 -> 313 | Y22: =IFERROR(X22/B22,0) -> 0.31808943 | Z22: =Louisville!Z22+SD!Z22+ND!Z22+Alabama!Z22+UNO!Z22+KSU!Z22+Indiana!Z22+Iowa!Z22+Washington!Z22+MSU!Z22+Michigan!Z22+Wisconsin!Z22+Maryland!Z22+Rutgers!Z22+Illinois!Z22+USC!Z22+UCLA!Z22+Purdue!Z22 -> 381 | AA22: =IFERROR(Z22/B22,0) -> 0.38719512 | AC22: ="<tr><td>Borer</td><td>"&B22&"</td><td>"&C22&"</td><td>"&D22&"</td><td>"&E22&"</td><td>"&F22&"</td><td>"&G22&"</td><td>"&H22&"</td><td>"&I22&"</td><td>"&J22&"</td><td>"&K22&"</td><td>"&L22&"</td><td>"&M22&"</td><td>"&N22&"</td><td>"&TEXT(O22,"0.00")&"</td><td>"&Z22&"</td><td>"&TEXT(AA22,"0.00")&"</td></tr>" -> <tr><td>Borer</td><td>984</td><td>1</td><td>1</td><td>1</td><td>24</td><td>1</td><td>2</td><td>2</td><td>11</td><td>8</td><td>10</td><td>4</td><td>68</td><td>0.07</td><td>381</td><td>0.39</td></tr> | AT22: ="<tr><td>Borer</td><td>"&B22&"</td><td>"&P22&"</td><td>"&Q22&"</td><td>"&R22&"</td><td>"&S22&"</td><td>"&T22&"</td><td>"&U22&"</td><td>"&V22&"</td><td>"&W22&"</td><td>"&X22&"</td><td>"&TEXT(Y22,"0.00")&"</td><td>"&Z22&"</td><td>"&TEXT(AA22,"0.00")&"</td></tr>" -> <tr><td>Borer</td><td>984</td><td>33</td><td>53</td><td>19</td><td>12</td><td>33</td><td>6</td><td>125</td><td>32</td><td>313</td><td>0.32</td><td>381</td><td>0.39</td></tr>
A23: rin | B23: =Louisville!B23+SD!B23+ND!B23+Alabama!B23+UNO!B23+KSU!B23+Indiana!B23+Iowa!B23+Washington!B23+MSU!B23+Michigan!B23+Wisconsin!B23+Maryland!B23+Rutgers!B23+Illinois!B23+USC!B23+UCLA!B23+Purdue!B23 -> 9 | C23: =Louisville!C23+SD!C23+ND!C23+Alabama!C23+UNO!C23+KSU!C23+Indiana!C23+Iowa!C23+Washington!C23+MSU!C23+Michigan!C23+Wisconsin!C23+Maryland!C23+Rutgers!C23+Illinois!C23+USC!C23+UCLA!C23+Purdue!C23 -> 0 | D23: =Louisville!D23+SD!D23+ND!D23+Alabama!D23+UNO!D23+KSU!D23+Indiana!D23+Iowa!D23+Washington!D23+MSU!D23+Michigan!D23+Wisconsin!D23+Maryland!D23+Rutgers!D23+Illinois!D23+USC!D23+UCLA!D23+Purdue!D23 -> 1 | E23: =Louisville!E23+SD!E23+ND!E23+Alabama!E23+UNO!E23+KSU!E23+Indiana!E23+Iowa!E23+Washington!E23+MSU!E23+Michigan!E23+Wisconsin!E23+Maryland!E23+Rutgers!E23+Illinois!E23+USC!E23+UCLA!E23+Purdue!E23 -> 1 | F23: =Louisville!F23+SD!F23+ND!F23+Alabama!F23+UNO!F23+KSU!F23+Indiana!F23+Iowa!F23+Washington!F23+MSU!F23+Michigan!F23+Wisconsin!F23+Maryland!F23+Rutgers!F23+Illinois!F23+USC!F23+UCLA!F23+Purdue!F23 -> 1 | G23: =Louisville!G23+SD!G23+ND!G23+Alabama!G23+UNO!G23+KSU!G23+Indiana!G23+Iowa!G23+Washington!G23+MSU!G23+Michigan!G23+Wisconsin!G23+Maryland!G23+Rutgers!G23+Illinois!G23+USC!G23+UCLA!G23+Purdue!G23 -> 0 | H23: =Louisville!H23+SD!H23+ND!H23+Alabama!H23+UNO!H23+KSU!H23+Indiana!H23+Iowa!H23+Washington!H23+MSU!H23+Michigan!H23+Wisconsin!H23+Maryland!H23+Rutgers!H23+Illinois!H23+USC!H23+UCLA!H23+Purdue!H23 -> 1 | I23: =Louisville!I23+SD!I23+ND!I23+Alabama!I23+UNO!I23+KSU!I23+Indiana!I23+Iowa!I23+Washington!I23+MSU!I23+Michigan!I23+Wisconsin!I23+Maryland!I23+Rutgers!I23+Illinois!I23+USC!I23+UCLA!I23+Purdue!I23 -> 0 | ... N23: =Louisville!N23+SD!N23+ND!N23+Alabama!N23+UNO!N23+KSU!N23+Indiana!N23+Iowa!N23+Washington!N23+MSU!N23+Michigan!N23+Wisconsin!N23+Maryland!N23+Rutgers!N23+Illinois!N23+USC!N23+UCLA!N23+Purdue!N23 -> 4 | O23: =IFERROR(N23/B23,0) -> 0.44444444 | P23: =Louisville!P23+SD!P23+ND!P23+Alabama!P23+UNO!P23+KSU!P23+Indiana!P23+Iowa!P23+Washington!P23+MSU!P23+Michigan!P23+Wisconsin!P23+Maryland!P23+Rutgers!P23+Illinois!P23+USC!P23+UCLA!P23+Purdue!P23 -> 0 | Q23: =Louisville!Q23+SD!Q23+ND!Q23+Alabama!Q23+UNO!Q23+KSU!Q23+Indiana!Q23+Iowa!Q23+Washington!Q23+MSU!Q23+Michigan!Q23+Wisconsin!Q23+Maryland!Q23+Rutgers!Q23+Illinois!Q23+USC!Q23+UCLA!Q23+Purdue!Q23 -> 1 | R23: =Louisville!R23+SD!R23+ND!R23+Alabama!R23+UNO!R23+KSU!R23+Indiana!R23+Iowa!R23+Washington!R23+MSU!R23+Michigan!R23+Wisconsin!R23+Maryland!R23+Rutgers!R23+Illinois!R23+USC!R23+UCLA!R23+Purdue!R23 -> 1 | S23: =Louisville!S23+SD!S23+ND!S23+Alabama!S23+UNO!S23+KSU!S23+Indiana!S23+Iowa!S23+Washington!S23+MSU!S23+Michigan!S23+Wisconsin!S23+Maryland!S23+Rutgers!S23+Illinois!S23+USC!S23+UCLA!S23+Purdue!S23 -> 0 | T23: =Louisville!T23+SD!T23+ND!T23+Alabama!T23+UNO!T23+KSU!T23+Indiana!T23+Iowa!T23+Washington!T23+MSU!T23+Michigan!T23+Wisconsin!T23+Maryland!T23+Rutgers!T23+Illinois!T23+USC!T23+UCLA!T23+Purdue!T23 -> 0 | U23: =Louisville!U23+SD!U23+ND!U23+Alabama!U23+UNO!U23+KSU!U23+Indiana!U23+Iowa!U23+Washington!U23+MSU!U23+Michigan!U23+Wisconsin!U23+Maryland!U23+Rutgers!U23+Illinois!U23+USC!U23+UCLA!U23+Purdue!U23 -> 0 | V23: =Louisville!V23+SD!V23+ND!V23+Alabama!V23+UNO!V23+KSU!V23+Indiana!V23+Iowa!V23+Washington!V23+MSU!V23+Michigan!V23+Wisconsin!V23+Maryland!V23+Rutgers!V23+Illinois!V23+USC!V23+UCLA!V23+Purdue!V23 -> 0 | W23: =Louisville!W23+SD!W23+ND!W23+Alabama!W23+UNO!W23+KSU!W23+Indiana!W23+Iowa!W23+Washington!W23+MSU!W23+Michigan!W23+Wisconsin!W23+Maryland!W23+Rutgers!W23+Illinois!W23+USC!W23+UCLA!W23+Purdue!W23 -> 0 | X23: =Louisville!X23+SD!X23+ND!X23+Alabama!X23+UNO!X23+KSU!X23+Indiana!X23+Iowa!X23+Washington!X23+MSU!X23+Michigan!X23+Wisconsin!X23+Maryland!X23+Rutgers!X23+Illinois!X23+USC!X23+UCLA!X23+Purdue!X23 -> 2 | Y23: =IFERROR(X23/B23,0) -> 0.22222222 | Z23: =Louisville!Z23+SD!Z23+ND!Z23+Alabama!Z23+UNO!Z23+KSU!Z23+Indiana!Z23+Iowa!Z23+Washington!Z23+MSU!Z23+Michigan!Z23+Wisconsin!Z23+Maryland!Z23+Rutgers!Z23+Illinois!Z23+USC!Z23+UCLA!Z23+Purdue!Z23 -> 6 | AA23: =IFERROR(Z23/B23,0) -> 0.66666667 | AC23: ="<tr><td>Sato</td><td>"&B23&"</td><td>"&C23&"</td><td>"&D23&"</td><td>"&E23&"</td><td>"&F23&"</td><td>"&G23&"</td><td>"&H23&"</td><td>"&I23&"</td><td>"&J23&"</td><td>"&K23&"</td><td>"&L23&"</td><td>"&M23&"</td><td>"&N23&"</td><td>"&TEXT(O23,"0.00")&"</td><td>"&Z23&"</td><td>"&TEXT(AA23,"0.00")&"</td></tr>" -> <tr><td>Sato</td><td>9</td><td>0</td><td>1</td><td>1</td><td>1</td><td>0</td><td>1</td><td>0</td><td>0</td><td>0</td><td>0</td><td>0</td><td>4</td><td>0.44</td><td>6</td><td>0.67</td></tr> | AT23: ="<tr><td>Sato</td><td>"&B23&"</td><td>"&P23&"</td><td>"&Q23&"</td><td>"&R23&"</td><td>"&S23&"</td><td>"&T23&"</td><td>"&U23&"</td><td>"&V23&"</td><td>"&W23&"</td><td>"&X23&"</td><td>"&TEXT(Y23,"0.00")&"</td><td>"&Z23&"</td><td>"&TEXT(AA23,"0.00")&"</td></tr>" -> <tr><td>Sato</td><td>9</td><td>0</td><td>1</td><td>1</td><td>0</td><td>0</td><td>0</td><td>0</td><td>0</td><td>2</td><td>0.22</td><td>6</td><td>0.67</td></tr>
A24: sadie | B24: =Louisville!B24+SD!B24+ND!B24+Alabama!B24+UNO!B24+KSU!B24+Indiana!B24+Iowa!B24+Washington!B24+MSU!B24+Michigan!B24+Wisconsin!B24+Maryland!B24+Rutgers!B24+Illinois!B24+USC!B24+UCLA!B24+Purdue!B24 -> 848 | C24: =Louisville!C24+SD!C24+ND!C24+Alabama!C24+UNO!C24+KSU!C24+Indiana!C24+Iowa!C24+Washington!C24+MSU!C24+Michigan!C24+Wisconsin!C24+Maryland!C24+Rutgers!C24+Illinois!C24+USC!C24+UCLA!C24+Purdue!C24 -> 0 | D24: =Louisville!D24+SD!D24+ND!D24+Alabama!D24+UNO!D24+KSU!D24+Indiana!D24+Iowa!D24+Washington!D24+MSU!D24+Michigan!D24+Wisconsin!D24+Maryland!D24+Rutgers!D24+Illinois!D24+USC!D24+UCLA!D24+Purdue!D24 -> 1 | E24: =Louisville!E24+SD!E24+ND!E24+Alabama!E24+UNO!E24+KSU!E24+Indiana!E24+Iowa!E24+Washington!E24+MSU!E24+Michigan!E24+Wisconsin!E24+Maryland!E24+Rutgers!E24+Illinois!E24+USC!E24+UCLA!E24+Purdue!E24 -> 6 | F24: =Louisville!F24+SD!F24+ND!F24+Alabama!F24+UNO!F24+KSU!F24+Indiana!F24+Iowa!F24+Washington!F24+MSU!F24+Michigan!F24+Wisconsin!F24+Maryland!F24+Rutgers!F24+Illinois!F24+USC!F24+UCLA!F24+Purdue!F24 -> 57 | G24: =Louisville!G24+SD!G24+ND!G24+Alabama!G24+UNO!G24+KSU!G24+Indiana!G24+Iowa!G24+Washington!G24+MSU!G24+Michigan!G24+Wisconsin!G24+Maryland!G24+Rutgers!G24+Illinois!G24+USC!G24+UCLA!G24+Purdue!G24 -> 8 | H24: =Louisville!H24+SD!H24+ND!H24+Alabama!H24+UNO!H24+KSU!H24+Indiana!H24+Iowa!H24+Washington!H24+MSU!H24+Michigan!H24+Wisconsin!H24+Maryland!H24+Rutgers!H24+Illinois!H24+USC!H24+UCLA!H24+Purdue!H24 -> 3 | I24: =Louisville!I24+SD!I24+ND!I24+Alabama!I24+UNO!I24+KSU!I24+Indiana!I24+Iowa!I24+Washington!I24+MSU!I24+Michigan!I24+Wisconsin!I24+Maryland!I24+Rutgers!I24+Illinois!I24+USC!I24+UCLA!I24+Purdue!I24 -> 37 | ... N24: =Louisville!N24+SD!N24+ND!N24+Alabama!N24+UNO!N24+KSU!N24+Indiana!N24+Iowa!N24+Washington!N24+MSU!N24+Michigan!N24+Wisconsin!N24+Maryland!N24+Rutgers!N24+Illinois!N24+USC!N24+UCLA!N24+Purdue!N24 -> 136 | O24: =IFERROR(N24/B24,0) -> 0.16037736 | P24: =Louisville!P24+SD!P24+ND!P24+Alabama!P24+UNO!P24+KSU!P24+Indiana!P24+Iowa!P24+Washington!P24+MSU!P24+Michigan!P24+Wisconsin!P24+Maryland!P24+Rutgers!P24+Illinois!P24+USC!P24+UCLA!P24+Purdue!P24 -> 43 | Q24: =Louisville!Q24+SD!Q24+ND!Q24+Alabama!Q24+UNO!Q24+KSU!Q24+Indiana!Q24+Iowa!Q24+Washington!Q24+MSU!Q24+Michigan!Q24+Wisconsin!Q24+Maryland!Q24+Rutgers!Q24+Illinois!Q24+USC!Q24+UCLA!Q24+Purdue!Q24 -> 59 | R24: =Louisville!R24+SD!R24+ND!R24+Alabama!R24+UNO!R24+KSU!R24+Indiana!R24+Iowa!R24+Washington!R24+MSU!R24+Michigan!R24+Wisconsin!R24+Maryland!R24+Rutgers!R24+Illinois!R24+USC!R24+UCLA!R24+Purdue!R24 -> 29 | S24: =Louisville!S24+SD!S24+ND!S24+Alabama!S24+UNO!S24+KSU!S24+Indiana!S24+Iowa!S24+Washington!S24+MSU!S24+Michigan!S24+Wisconsin!S24+Maryland!S24+Rutgers!S24+Illinois!S24+USC!S24+UCLA!S24+Purdue!S24 -> 4 | T24: =Louisville!T24+SD!T24+ND!T24+Alabama!T24+UNO!T24+KSU!T24+Indiana!T24+Iowa!T24+Washington!T24+MSU!T24+Michigan!T24+Wisconsin!T24+Maryland!T24+Rutgers!T24+Illinois!T24+USC!T24+UCLA!T24+Purdue!T24 -> 9 | U24: =Louisville!U24+SD!U24+ND!U24+Alabama!U24+UNO!U24+KSU!U24+Indiana!U24+Iowa!U24+Washington!U24+MSU!U24+Michigan!U24+Wisconsin!U24+Maryland!U24+Rutgers!U24+Illinois!U24+USC!U24+UCLA!U24+Purdue!U24 -> 13 | V24: =Louisville!V24+SD!V24+ND!V24+Alabama!V24+UNO!V24+KSU!V24+Indiana!V24+Iowa!V24+Washington!V24+MSU!V24+Michigan!V24+Wisconsin!V24+Maryland!V24+Rutgers!V24+Illinois!V24+USC!V24+UCLA!V24+Purdue!V24 -> 40 | W24: =Louisville!W24+SD!W24+ND!W24+Alabama!W24+UNO!W24+KSU!W24+Indiana!W24+Iowa!W24+Washington!W24+MSU!W24+Michigan!W24+Wisconsin!W24+Maryland!W24+Rutgers!W24+Illinois!W24+USC!W24+UCLA!W24+Purdue!W24 -> 48 | X24: =Louisville!X24+SD!X24+ND!X24+Alabama!X24+UNO!X24+KSU!X24+Indiana!X24+Iowa!X24+Washington!X24+MSU!X24+Michigan!X24+Wisconsin!X24+Maryland!X24+Rutgers!X24+Illinois!X24+USC!X24+UCLA!X24+Purdue!X24 -> 245 | Y24: =IFERROR(X24/B24,0) -> 0.28891509 | Z24: =Louisville!Z24+SD!Z24+ND!Z24+Alabama!Z24+UNO!Z24+KSU!Z24+Indiana!Z24+Iowa!Z24+Washington!Z24+MSU!Z24+Michigan!Z24+Wisconsin!Z24+Maryland!Z24+Rutgers!Z24+Illinois!Z24+USC!Z24+UCLA!Z24+Purdue!Z24 -> 381 | AA24: =IFERROR(Z24/B24,0) -> 0.44929245 | AC24: ="<tr><td>Sant</td><td>"&B24&"</td><td>"&C24&"</td><td>"&D24&"</td><td>"&E24&"</td><td>"&F24&"</td><td>"&G24&"</td><td>"&H24&"</td><td>"&I24&"</td><td>"&J24&"</td><td>"&K24&"</td><td>"&L24&"</td><td>"&M24&"</td><td>"&N24&"</td><td>"&TEXT(O24,"0.00")&"</td><td>"&Z24&"</td><td>"&TEXT(AA24,"0.00")&"</td></tr>" -> <tr><td>Sant</td><td>848</td><td>0</td><td>1</td><td>6</td><td>57</td><td>8</td><td>3</td><td>37</td><td>3</td><td>5</td><td>19</td><td>5</td><td>136</td><td>0.16</td><td>381</td><td>0.45</td></tr> | AT24: ="<tr><td>Sant</td><td>"&B24&"</td><td>"&P24&"</td><td>"&Q24&"</td><td>"&R24&"</td><td>"&S24&"</td><td>"&T24&"</td><td>"&U24&"</td><td>"&V24&"</td><td>"&W24&"</td><td>"&X24&"</td><td>"&TEXT(Y24,"0.00")&"</td><td>"&Z24&"</td><td>"&TEXT(AA24,"0.00")&"</td></tr>" -> <tr><td>Sant</td><td>848</td><td>43</td><td>59</td><td>29</td><td>4</td><td>9</td><td>13</td><td>40</td><td>48</td><td>245</td><td>0.29</td><td>381</td><td>0.45</td></tr>
A26: =AC4 -> <tr><td>Makovicka</td><td>730</td><td>3</td><td>0</td><td>3</td><td>19</td><td>5</td><td>4</td><td>5</td><td>53</td><td>33</td><td>12</td><td>10</td><td>144</td><td>0.20</td><td>238</td><td>0.33</td></tr>
A27: =AC15 -> <tr><td>Williams</td><td>976</td><td>1</td><td>1</td><td>3</td><td>24</td><td>1</td><td>5</td><td>5</td><td>3</td><td>5</td><td>3</td><td>1</td><td>52</td><td>0.05</td><td>299</td><td>0.31</td></tr>
A28: =AC9 -> <tr><td>Guyott</td><td>338</td><td>1</td><td>1</td><td>1</td><td>20</td><td>0</td><td>3</td><td>12</td><td>3</td><td>13</td><td>1</td><td>2</td><td>57</td><td>0.17</td><td>137</td><td>0.41</td></tr>
A29: =AC24 -> <tr><td>Sant</td><td>848</td><td>0</td><td>1</td><td>6</td><td>57</td><td>8</td><td>3</td><td>37</td><td>3</td><td>5</td><td>19</td><td>5</td><td>136</td><td>0.16</td><td>381</td><td>0.45</td></tr>
A30: =AC12 -> <tr><td>Reda</td><td>342</td><td>0</td><td>0</td><td>0</td><td>22</td><td>1</td><td>1</td><td>10</td><td>1</td><td>3</td><td>1</td><td>0</td><td>38</td><td>0.11</td><td>116</td><td>0.34</td></tr>
A31: =AC22 -> <tr><td>Borer</td><td>984</td><td>1</td><td>1</td><td>1</td><td>24</td><td>1</td><td>2</td><td>2</td><td>11</td><td>8</td><td>10</td><td>4</td><td>68</td><td>0.07</td><td>381</td><td>0.39</td></tr>
A32: =AC3 -> <tr><td>Geraneo</td><td>80</td><td>0</td><td>0</td><td>0</td><td>2</td><td>1</td><td>1</td><td>0</td><td>2</td><td>1</td><td>1</td><td>1</td><td>8</td><td>0.10</td><td>21</td><td>0.26</td></tr>
A33: =AC7 -> <tr><td>Donnelly</td><td>857</td><td>1</td><td>0</td><td>4</td><td>48</td><td>0</td><td>12</td><td>18</td><td>4</td><td>5</td><td>8</td><td>2</td><td>102</td><td>0.12</td><td>334</td><td>0.39</td></tr>
A34: =AC8 -> <tr><td>Drozda</td><td>84</td><td>0</td><td>0</td><td>1</td><td>3</td><td>1</td><td>1</td><td>2</td><td>0</td><td>2</td><td>2</td><td>1</td><td>13</td><td>0.15</td><td>30</td><td>0.36</td></tr>
A35: =AC23 -> <tr><td>Sato</td><td>9</td><td>0</td><td>1</td><td>1</td><td>1</td><td>0</td><td>1</td><td>0</td><td>0</td><td>0</td><td>0</td><td>0</td><td>4</td><td>0.44</td><td>6</td><td>0.67</td></tr>
A36: =AC20 -> <tr><td>Miller</td><td>0</td><td>0</td><td>0</td><td>0</td><td>0</td><td>0</td><td>0</td><td>0</td><td>0</td><td>0</td><td>0</td><td>0</td><td>0</td><td>0.00</td><td>0</td><td>0.00</td></tr>
A37: =AC14 -> <tr><td>Sees</td><td>559</td><td>0</td><td>1</td><td>1</td><td>15</td><td>2</td><td>8</td><td>2</td><td>1</td><td>6</td><td>1</td><td>1</td><td>36</td><td>0.06</td><td>168</td><td>0.30</td></tr>
A38: =AC21 -> <tr><td>Snowden</td><td>820</td><td>1</td><td>0</td><td>1</td><td>35</td><td>4</td><td>2</td><td>13</td><td>16</td><td>9</td><td>5</td><td>3</td><td>85</td><td>0.10</td><td>301</td><td>0.37</td></tr>
A39: =AC11 -> <tr><td>Prososki</td><td>38</td><td>0</td><td>0</td><td>0</td><td>0</td><td>0</td><td>0</td><td>0</td><td>2</td><td>0</td><td>0</td><td>0</td><td>2</td><td>0.05</td><td>9</td><td>0.24</td></tr>
A40: =AC13 -> <tr><td>Kiser</td><td>13</td><td>0</td><td>0</td><td>0</td><td>0</td><td>0</td><td>0</td><td>0</td><td>0</td><td>0</td><td>0</td><td>0</td><td>0</td><td>0.00</td><td>0</td><td>0.00</td></tr>
A41: =AC5 -> <tr><td>Bohonek</td><td>452</td><td>1</td><td>0</td><td>2</td><td>15</td><td>1</td><td>10</td><td>10</td><td>15</td><td>7</td><td>5</td><td>5</td><td>70</td><td>0.15</td><td>146</td><td>0.32</td></tr>
A42: =AC10 -> <tr><td>Rudney</td><td>751</td><td>1</td><td>2</td><td>6</td><td>17</td><td>7</td><td>5</td><td>10</td><td>13</td><td>14</td><td>19</td><td>9</td><td>96</td><td>0.13</td><td>175</td><td>0.23</td></tr>
A43: =AC2 -> <tr><td>Jones</td><td>82</td><td>0</td><td>0</td><td>0</td><td>6</td><td>0</td><td>0</td><td>1</td><td>0</td><td>0</td><td>0</td><td>0</td><td>7</td><td>0.09</td><td>36</td><td>0.44</td></tr>
A44: =AC19 -> <tr><td>Lewis</td><td>698</td><td>2</td><td>0</td><td>4</td><td>11</td><td>0</td><td>6</td><td>17</td><td>10</td><td>9</td><td>8</td><td>12</td><td>81</td><td>0.12</td><td>134</td><td>0.19</td></tr>
A45: =AC17 -> <tr><td>Carpenter</td><td>731</td><td>0</td><td>0</td><td>2</td><td>30</td><td>2</td><td>9</td><td>8</td><td>15</td><td>11</td><td>9</td><td>4</td><td>88</td><td>0.12</td><td>209</td><td>0.29</td></tr>
A46: =AC18 -> <tr><td>Cairone</td><td>0</td><td>0</td><td>0</td><td>0</td><td>0</td><td>0</td><td>0</td><td>0</td><td>0</td><td>0</td><td>0</td><td>0</td><td>0</td><td>0.00</td><td>0</td><td>0.00</td></tr>
A47: =AC16 -> <tr><td>Eggett</td><td>442</td><td>0</td><td>0</td><td>2</td><td>15</td><td>0</td><td>1</td><td>13</td><td>19</td><td>20</td><td>4</td><td>2</td><td>76</td><td>0.17</td><td>124</td><td>0.28</td></tr>
A48: =AC6 -> <tr><td>Wistrom</td><td>77</td><td>0</td><td>0</td><td>0</td><td>0</td><td>0</td><td>2</td><td>2</td><td>1</td><td>1</td><td>0</td><td>0</td><td>6</td><td>0.08</td><td>21</td><td>0.27</td></tr>
A50: =AT4 -> <tr><td>Makovicka</td><td>730</td><td>9</td><td>17</td><td>9</td><td>1</td><td>2</td><td>5</td><td>23</td><td>28</td><td>94</td><td>0.13</td><td>238</td><td>0.33</td></tr>
A51: =AT15 -> <tr><td>Williams</td><td>976</td><td>17</td><td>58</td><td>16</td><td>15</td><td>22</td><td>5</td><td>56</td><td>52</td><td>247</td><td>0.25</td><td>299</td><td>0.31</td></tr>
A52: =AT9 -> <tr><td>Guyott</td><td>338</td><td>4</td><td>21</td><td>10</td><td>0</td><td>4</td><td>5</td><td>19</td><td>17</td><td>80</td><td>0.24</td><td>137</td><td>0.41</td></tr>
A53: =AT24 -> <tr><td>Sant</td><td>848</td><td>43</td><td>59</td><td>29</td><td>4</td><td>9</td><td>13</td><td>40</td><td>48</td><td>245</td><td>0.29</td><td>381</td><td>0.45</td></tr>
A54: =AT12 -> <tr><td>Reda</td><td>342</td><td>24</td><td>14</td><td>11</td><td>1</td><td>0</td><td>6</td><td>4</td><td>18</td><td>78</td><td>0.23</td><td>116</td><td>0.34</td></tr>
A55: =AT22 -> <tr><td>Borer</td><td>984</td><td>33</td><td>53</td><td>19</td><td>12</td><td>33</td><td>6</td><td>125</td><td>32</td><td>313</td><td>0.32</td><td>381</td><td>0.39</td></tr>
A56: =AT3 -> <tr><td>Geraneo</td><td>80</td><td>3</td><td>3</td><td>1</td><td>0</td><td>0</td><td>2</td><td>0</td><td>4</td><td>13</td><td>0.16</td><td>21</td><td>0.26</td></tr>
A57: =AT7 -> <tr><td>Donnelly</td><td>857</td><td>30</td><td>46</td><td>25</td><td>17</td><td>12</td><td>5</td><td>56</td><td>41</td><td>232</td><td>0.27</td><td>334</td><td>0.39</td></tr>
A58: =AT8 -> <tr><td>Drozda</td><td>84</td><td>3</td><td>2</td><td>3</td><td>1</td><td>0</td><td>0</td><td>2</td><td>6</td><td>17</td><td>0.20</td><td>30</td><td>0.36</td></tr>
A59: =AT23 -> <tr><td>Sato</td><td>9</td><td>0</td><td>1</td><td>1</td><td>0</td><td>0</td><td>0</td><td>0</td><td>0</td><td>2</td><td>0.22</td><td>6</td><td>0.67</td></tr>
A60: =AT20 -> <tr><td>Miller</td><td>0</td><td>0</td><td>0</td><td>0</td><td>0</td><td>0</td><td>0</td><td>0</td><td>0</td><td>0</td><td>0.00</td><td>0</td><td>0.00</td></tr>
A61: =AT14 -> <tr><td>Sees</td><td>559</td><td>4</td><td>33</td><td>16</td><td>7</td><td>19</td><td>9</td><td>23</td><td>28</td><td>132</td><td>0.24</td><td>168</td><td>0.30</td></tr>
A62: =AT21 -> <tr><td>Snowden</td><td>820</td><td>34</td><td>45</td><td>16</td><td>3</td><td>8</td><td>7</td><td>50</td><td>53</td><td>216</td><td>0.26</td><td>301</td><td>0.37</td></tr>
A63: =AT11 -> <tr><td>Prososki</td><td>38</td><td>1</td><td>0</td><td>0</td><td>0</td><td>1</td><td>0</td><td>1</td><td>4</td><td>7</td><td>0.18</td><td>9</td><td>0.24</td></tr>
A64: =AT13 -> <tr><td>Kiser</td><td>13</td><td>0</td><td>0</td><td>0</td><td>0</td><td>0</td><td>0</td><td>0</td><td>0</td><td>0</td><td>0.00</td><td>0</td><td>0.00</td></tr>
A65: =AT5 -> <tr><td>Bohonek</td><td>452</td><td>5</td><td>12</td><td>7</td><td>3</td><td>6</td><td>9</td><td>5</td><td>29</td><td>76</td><td>0.17</td><td>146</td><td>0.32</td></tr>
A66: =AT10 -> <tr><td>Rudney</td><td>751</td><td>15</td><td>13</td><td>18</td><td>1</td><td>6</td><td>4</td><td>2</td><td>20</td><td>79</td><td>0.11</td><td>175</td><td>0.23</td></tr>
A67: =AT2 -> <tr><td>Jones</td><td>82</td><td>7</td><td>6</td><td>3</td><td>0</td><td>0</td><td>0</td><td>2</td><td>11</td><td>29</td><td>0.35</td><td>36</td><td>0.44</td></tr>
A68: =AT19 -> <tr><td>Lewis</td><td>698</td><td>14</td><td>9</td><td>6</td><td>0</td><td>2</td><td>1</td><td>0</td><td>21</td><td>53</td><td>0.08</td><td>134</td><td>0.19</td></tr>
A69: =AT17 -> <tr><td>Carpenter</td><td>731</td><td>17</td><td>21</td><td>15</td><td>7</td><td>9</td><td>5</td><td>16</td><td>32</td><td>121</td><td>0.17</td><td>209</td><td>0.29</td></tr>
A70: =AT18 -> <tr><td>Cairone</td><td>0</td><td>0</td><td>0</td><td>0</td><td>0</td><td>0</td><td>0</td><td>0</td><td>0</td><td>0</td><td>0.00</td><td>0</td><td>0.00</td></tr>
A71: =AT16 -> <tr><td>Eggett</td><td>442</td><td>14</td><td>12</td><td>5</td><td>0</td><td>1</td><td>3</td><td>0</td><td>13</td><td>48</td><td>0.11</td><td>124</td><td>0.28</td></tr>
A72: =AT6 -> <tr><td>Wistrom</td><td>77</td><td>0</td><td>3</td><td>1</td><td>0</td><td>0</td><td>2</td><td>1</td><td>8</td><td>15</td><td>0.19</td><td>21</td><td>0.27</td></tr>

Sheet Louisville
B1: Minutes | C1: Goals | D1: Assists | E1: Key Pass | F1: Start CA | G1: Outplay | H1: Cross | I1: 1v1 | J1: Header | K1: SP Earned | L1: Shots Off | M1: Shots On | N1: Off Totals | O1: Off A/m | P1: Tackle | Q1: Interception | R1: FH Regain | S1: Block | T1: Clearance | U1: Separation | V1: Header | W1: Stop FWD | X1: Def Totals | Y1: Def A/m | Z1: Total Act | AA1: Total A/m | AC1: Offense | AT1: Defense
A2: addy | B2: 7 | C2: 0 | D2: 0 | E2: 0 | F2: 0 | G2: 0 | H2: 0 | I2: 0 | J2: 0 | K2: 0 | L2: 0 | M2: 0 | N2: 0 | O2: =IFERROR(N2/B2,0) -> 0 | P2: 1 | Q2: 0 | R2: 0 | S2: 0 | T2: 0 | U2: 0 | V2: 0 | W2: 1 | X2: 2 | Y2: =IFERROR(X2/B2,0) -> 0.28571429 | Z2: 2 | AA2: =IFERROR(Z2/B2,0) -> 0.28571429 | AC2: ="<tr><td>Jones</td><td>"&B2&"</td><td>"&C2&"</td><td>"&D2&"</td><td>"&E2&"</td><td>"&F2&"</td><td>"&G2&"</td><td>"&H2&"</td><td>"&I2&"</td><td>"&J2&"</td><td>"&K2&"</td><td>"&L2&"</td><td>"&M2&"</td><td>"&N2&"</td><td>"&TEXT(O2,"0.00")&"</td><td>"&Z2&"</td><td>"&TEXT(AA2,"0.00")&"</td></tr>" -> <tr><td>Jones</td><td>7</td><td>0</td><td>0</td><td>0</td><td>0</td><td>0</td><td>0</td><td>0</td><td>0</td><td>0</td><td>0</td><td>0</td><td>0</td><td>0.00</td><td>2</td><td>0.29</td></tr> | AT2: ="<tr><td>Jones</td><td>"&B2&"</td><td>"&P2&"</td><td>"&Q2&"</td><td>"&R2&"</td><td>"&S2&"</td><td>"&T2&"</td><td>"&U2&"</td><td>"&V2&"</td><td>"&W2&"</td><td>"&X2&"</td><td>"&TEXT(Y2,"0.00")&"</td><td>"&Z2&"</td><td>"&TEXT(AA2,"0.00")&"</td></tr>" -> <tr><td>Jones</td><td>7</td><td>1</td><td>0</td><td>0</td><td>0</td><td>0</td><td>0</td><td>0</td><td>1</td><td>2</td><td>0.29</td><td>2</td><td>0.29</td></tr>
A3: ally | B3: 0 | C3: 0 | D3: 0 | E3: 0 | F3: 0 | G3: 0 | H3: 0 | I3: 0 | J3: 0 | K3: 0 | L3: 0 | M3: 0 | N3: 0 | O3: =IFERROR(N3/B3,0) -> 0 | P3: 0 | Q3: 0 | R3: 0 | S3: 0 | T3: 0 | U3: 0 | V3: 0 | W3: 0 | X3: 0 | Y3: =IFERROR(X3/B3,0) -> 0 | Z3: 0 | AA3: =IFERROR(Z3/B3,0) -> 0 | AC3: ="<tr><td>Geraneo</td><td>"&B3&"</td><td>"&C3&"</td><td>"&D3&"</td><td>"&E3&"</td><td>"&F3&"</td><td>"&G3&"</td><td>"&H3&"</td><td>"&I3&"</td><td>"&J3&"</td><td>"&K3&"</td><td>"&L3&"</td><td>"&M3&"</td><td>"&N3&"</td><td>"&TEXT(O3,"0.00")&"</td><td>"&Z3&"</td><td>"&TEXT(AA3,"0.00")&"</td></tr>" -> <tr><td>Geraneo</td><td>0</td><td>0</td><td>0</td><td>0</td><td>0</td><td>0</td><td>0</td><td>0</td><td>0</td><td>0</td><td>0</td><td>0</td><td>0</td><td>0.00</td><td>0</td><td>0.00</td></tr> | AT3: ="<tr><td>Geraneo</td><td>"&B3&"</td><td>"&P3&"</td><td>"&Q3&"</td><td>"&R3&"</td><td>"&S3&"</td><td>"&T3&"</td><td>"&U3&"</td><td>"&V3&"</td><td>"&W3&"</td><td>"&X3&"</td><td>"&TEXT(Y3,"0.00")&"</td><td>"&Z3&"</td><td>"&TEXT(AA3,"0.00")&"</td></tr>" -> <tr><td>Geraneo</td><td>0</td><td>0</td><td>0</td><td>0</td><td>0</td><td>0</td><td>0</td><td>0</td><td>0</td><td>0</td><td>0.00</td><td>0</td><td>0.00</td></tr>
A4: ava | B4: 84 | C4: 1 | D4: 0 | E4: 1 | F4: 1 | G4: 0 | H4: 1 | I4: 0 | J4: 6 | K4: 2 | L4: 0 | M4: 0 | N4: 14 | O4: =IFERROR(N4/B4,0) -> 0.16666667 | P4: 2 | Q4: 1 | R4: 0 | S4: 1 | T4: 2 | U4: 0 | V4: 2 | W4: 6 | X4: 14 | Y4: =IFERROR(X4/B4,0) -> 0.16666667 | Z4: 28 | AA4: =IFERROR(Z4/B4,0) -> 0.33333333 | AC4: ="<tr><td>Makovicka</td><td>"&B4&"</td><td>"&C4&"</td><td>"&D4&"</td><td>"&E4&"</td><td>"&F4&"</td><td>"&G4&"</td><td>"&H4&"</td><td>"&I4&"</td><td>"&J4&"</td><td>"&K4&"</td><td>"&L4&"</td><td>"&M4&"</td><td>"&N4&"</td><td>"&TEXT(O4,"0.00")&"</td><td>"&Z4&"</td><td>"&TEXT(AA4,"0.00")&"</td></tr>" -> <tr><td>Makovicka</td><td>84</td><td>1</td><td>0</td><td>1</td><td>1</td><td>0</td><td>1</td><td>0</td><td>6</td><td>2</td><td>0</td><td>0</td><td>14</td><td>0.17</td><td>28</td><td>0.33</td></tr> | AT4: ="<tr><td>Makovicka</td><td>"&B4&"</td><td>"&P4&"</td><td>"&Q4&"</td><td>"&R4&"</td><td>"&S4&"</td><td>"&T4&"</td><td>"&U4&"</td><td>"&V4&"</td><td>"&W4&"</td><td>"&X4&"</td><td>"&TEXT(Y4,"0.00")&"</td><td>"&Z4&"</td><td>"&TEXT(AA4,"0.00")&"</td></tr>" -> <tr><td>Makovicka</td><td>84</td><td>2</td><td>1</td><td>0</td><td>1</td><td>2</td><td>0</td><td>2</td><td>6</td><td>14</td><td>0.17</td><td>28</td><td>0.33</td></tr>
A5: carson | B5: 28 | C5: 0 | D5: 0 | E5: 1 | F5: 0 | G5: 0 | H5: 0 | I5: 0 | J5: 1 | K5: 1 | L5: 0 | M5: 0 | N5: 3 | O5: =IFERROR(N5/B5,0) -> 0.10714286 | P5: 1 | Q5: 0 | R5: 0 | S5: 0 | T5: 1 | U5: 3 | V5: 0 | W5: 3 | X5: 8 | Y5: =IFERROR(X5/B5,0) -> 0.28571429 | Z5: 11 | AA5: =IFERROR(Z5/B5,0) -> 0.39285714 | AC5: ="<tr><td>Bohonek</td><td>"&B5&"</td><td>"&C5&"</td><td>"&D5&"</td><td>"&E5&"</td><td>"&F5&"</td><td>"&G5&"</td><td>"&H5&"</td><td>"&I5&"</td><td>"&J5&"</td><td>"&K5&"</td><td>"&L5&"</td><td>"&M5&"</td><td>"&N5&"</td><td>"&TEXT(O5,"0.00")&"</td><td>"&Z5&"</td><td>"&TEXT(AA5,"0.00")&"</td></tr>" -> <tr><td>Bohonek</td><td>28</td><td>0</td><td>0</td><td>1</td><td>0</td><td>0</td><td>0</td><td>0</td><td>1</td><td>1</td><td>0</td><td>0</td><td>3</td><td>0.11</td><td>11</td><td>0.39</td></tr> | AT5: ="<tr><td>Bohonek</td><td>"&B5&"</td><td>"&P5&"</td><td>"&Q5&"</td><td>"&R5&"</td><td>"&S5&"</td><td>"&T5&"</td><td>"&U5&"</td><td>"&V5&"</td><td>"&W5&"</td><td>"&X5&"</td><td>"&TEXT(Y5,"0.00")&"</td><td>"&Z5&"</td><td>"&TEXT(AA5,"0.00")&"</td></tr>" -> <tr><td>Bohonek</td><td>28</td><td>1</td><td>0</td><td>0</td><td>0</td><td>1</td><td>3</td><td>0</td><td>3</td><td>8</td><td>0.29</td><td>11</td><td>0.39</td></tr>
A6: charlie | B6: 2 | C6: 0 | D6: 0 | E6: 0 | F6: 0 | G6: 0 | H6: 0 | I6: 0 | J6: 0 | K6: 0 | L6: 0 | M6: 0 | N6: 0 | O6: =IFERROR(N6/B6,0) -> 0 | P6: 0 | Q6: 1 | R6: 0 | S6: 0 | T6: 0 | U6: 0 | V6: 0 | W6: 1 | X6: 2 | Y6: =IFERROR(X6/B6,0) -> 1 | Z6: 2 | AA6: =IFERROR(Z6/B6,0) -> 1 | AC6: ="<tr><td>Wistrom</td><td>"&B6&"</td><td>"&C6&"</td><td>"&D6&"</td><td>"&E6&"</td><td>"&F6&"</td><td>"&G6&"</td><td>"&H6&"</td><td>"&I6&"</td><td>"&J6&"</td><td>"&K6&"</td><td>"&L6&"</td><td>"&M6&"</td><td>"&N6&"</td><td>"&TEXT(O6,"0.00")&"</td><td>"&Z6&"</td><td>"&TEXT(AA6,"0.00")&"</td></tr>" -> <tr><td>Wistrom</td><td>2</td><td>0</td><td>0</td><td>0</td><td>0</td><td>0</td><td>0</td><td>0</td><td>0</td><td>0</td><td>0</td><td>0</td><td>0</td><td>0.00</td><td>2</td><td>1.00</td></tr> | AT6: ="<tr><td>Wistrom</td><td>"&B6&"</td><td>"&P6&"</td><td>"&Q6&"</td><td>"&R6&"</td><td>"&S6&"</td><td>"&T6&"</td><td>"&U6&"</td><td>"&V6&"</td><td>"&W6&"</td><td>"&X6&"</td><td>"&TEXT(Y6,"0.00")&"</td><td>"&Z6&"</td><td>"&TEXT(AA6,"0.00")&"</td></tr>" -> <tr><td>Wistrom</td><td>2</td><td>0</td><td>1</td><td>0</td><td>0</td><td>0</td><td>0</td><td>0</td><td>1</td><td>2</td><td>1.00</td><td>2</td><td>1.00</td></tr>
A7: dons | B7: 90 | C7: 0 | D7: 0 | E7: 2 | F7: 5 | G7: 0 | H7: 1 | I7: 0 | J7: 0 | K7: 0 | L7: 0 | M7: 0 | N7: 8 | O7: =IFERROR(N7/B7,0) -> 0.088888889 | P7: 1 | Q7: 5 | R7: 2 | S7: 2 | T7: 2 | U7: 0 | V7: 8 | W7: 3 | X7: 23 | Y7: =IFERROR(X7/B7,0) -> 0.25555556 | Z7: 31 | AA7: =IFERROR(Z7/B7,0) -> 0.34444444 | AC7: ="<tr><td>Donnelly</td><td>"&B7&"</td><td>"&C7&"</td><td>"&D7&"</td><td>"&E7&"</td><td>"&F7&"</td><td>"&G7&"</td><td>"&H7&"</td><td>"&I7&"</td><td>"&J7&"</td><td>"&K7&"</td><td>"&L7&"</td><td>"&M7&"</td><td>"&N7&"</td><td>"&TEXT(O7,"0.00")&"</td><td>"&Z7&"</td><td>"&TEXT(AA7,"0.00")&"</td></tr>" -> <tr><td>Donnelly</td><td>90</td><td>0</td><td>0</td><td>2</td><td>5</td><td>0</td><td>1</td><td>0</td><td>0</td><td>0</td><td>0</td><td>0</td><td>8</td><td>0.09</td><td>31</td><td>0.34</td></tr> | AT7: ="<tr><td>Donnelly</td><td>"&B7&"</td><td>"&P7&"</td><td>"&Q7&"</td><td>"&R7&"</td><td>"&S7&"</td><td>"&T7&"</td><td>"&U7&"</td><td>"&V7&"</td><td>"&W7&"</td><td>"&X7&"</td><td>"&TEXT(Y7,"0.00")&"</td><td>"&Z7&"</td><td>"&TEXT(AA7,"0.00")&"</td></tr>" -> <tr><td>Donnelly</td><td>90</td><td>1</td><td>5</td><td>2</td><td>2</td><td>2</td><td>0</td><td>8</td><td>3</td><td>23</td><td>0.26</td><td>31</td><td>0.34</td></tr>
A8: droz | B8: 28 | C8: 0 | D8: 0 | E8: 1 | F8: 1 | G8: 1 | H8: 0 | I8: 0 | J8: 0 | K8: 0 | L8: 1 | M8: 0 | N8: 4 | O8: =IFERROR(N8/B8,0) -> 0.14285714 | P8: 2 | Q8: 1 | R8: 1 | S8: 1 | T8: 0 | U8: 0 | V8: 2 | W8: 1 | X8: 8 | Y8: =IFERROR(X8/B8,0) -> 0.28571429 | Z8: 12 | AA8: =IFERROR(Z8/B8,0) -> 0.42857143 | AC8: ="<tr><td>Drozda</td><td>"&B8&"</td><td>"&C8&"</td><td>"&D8&"</td><td>"&E8&"</td><td>"&F8&"</td><td>"&G8&"</td><td>"&H8&"</td><td>"&I8&"</td><td>"&J8&"</td><td>"&K8&"</td><td>"&L8&"</td><td>"&M8&"</td><td>"&N8&"</td><td>"&TEXT(O8,"0.00")&"</td><td>"&Z8&"</td><td>"&TEXT(AA8,"0.00")&"</td></tr>" -> <tr><td>Drozda</td><td>28</td><td>0</td><td>0</td><td>1</td><td>1</td><td>1</td><td>0</td><td>0</td><td>0</td><td>0</td><td>1</td><td>0</td><td>4</td><td>0.14</td><td>12</td><td>0.43</td></tr> | AT8: ="<tr><td>Drozda</td><td>"&B8&"</td><td>"&P8&"</td><td>"&Q8&"</td><td>"&R8&"</td><td>"&S8&"</td><td>"&T8&"</td><td>"&U8&"</td><td>"&V8&"</td><td>"&W8&"</td><td>"&X8&"</td><td>"&TEXT(Y8,"0.00")&"</td><td>"&Z8&"</td><td>"&TEXT(AA8,"0.00")&"</td></tr>" -> <tr><td>Drozda</td><td>28</td><td>2</td><td>1</td><td>1</td><td>1</td><td>0</td><td>0</td><td>2</td><td>1</td><td>8</td><td>0.29</td><td>12</td><td>0.43</td></tr>
A9: ella g | B9: 0 | C9: 0 | D9: 0 | E9: 0 | F9: 0 | G9: 0 | H9: 0 | I9: 0 | J9: 0 | K9: 0 | L9: 0 | M9: 0 | N9: 0 | O9: =IFERROR(N9/B9,0) -> 0 | P9: 0 | Q9: 0 | R9: 0 | S9: 0 | T9: 0 | U9: 0 | V9: 0 | W9: 0 | X9: 0 | Y9: =IFERROR(X9/B9,0) -> 0 | Z9: 0 | AA9: =IFERROR(Z9/B9,0) -> 0 | AC9: ="<tr><td>Guyott</td><td>"&B9&"</td><td>"&C9&"</td><td>"&D9&"</td><td>"&E9&"</td><td>"&F9&"</td><td>"&G9&"</td><td>"&H9&"</td><td>"&I9&"</td><td>"&J9&"</td><td>"&K9&"</td><td>"&L9&"</td><td>"&M9&"</td><td>"&N9&"</td><td>"&TEXT(O9,"0.00")&"</td><td>"&Z9&"</td><td>"&TEXT(AA9,"0.00")&"</td></tr>" -> <tr><td>Guyott</td><td>0</td><td>0</td><td>0</td><td>0</td><td>0</td><td>0</td><td>0</td><td>0</td><td>0</td><td>0</td><td>0</td><td>0</td><td>0</td><td>0.00</td><td>0</td><td>0.00</td></tr> | AT9: ="<tr><td>Guyott</td><td>"&B9&"</td><td>"&P9&"</td><td>"&Q9&"</td><td>"&R9&"</td><td>"&S9&"</td><td>"&T9&"</td><td>"&U9&"</td><td>"&V9&"</td><td>"&W9&"</td><td>"&X9&"</td><td>"&TEXT(Y9,"0.00")&"</td><td>"&Z9&"</td><td>"&TEXT(AA9,"0.00")&"</td></tr>" -> <tr><td>Guyott</td><td>0</td><td>0</td><td>0</td><td>0</td><td>0</td><td>0</td><td>0</td><td>0</td><td>0</td><td>0</td><td>0.00</td><td>0</td><td>0.00</td></tr>
A10: ella r | B10: 88 | C10: 1 | D10: 0 | E10: 0 | F10: 1 | G10: 0 | H10: 1 | I10: 2 | J10: 2 | K10: 0 | L10: 0 | M10: 2 | N10: 9 | O10: =IFERROR(N10/B10,0) -> 0.10227273 | P10: 1 | Q10: 0 | R10: 1 | S10: 1 | T10: 4 | U10: 0 | V10: 0 | W10: 3 | X10: 10 | Y10: =IFERROR(X10/B10,0) -> 0.11363636 | Z10: 19 | AA10: =IFERROR(Z10/B10,0) -> 0.21590909 | AC10: ="<tr><td>Rudney</td><td>"&B10&"</td><td>"&C10&"</td><td>"&D10&"</td><td>"&E10&"</td><td>"&F10&"</td><td>"&G10&"</td><td>"&H10&"</td><td>"&I10&"</td><td>"&J10&"</td><td>"&K10&"</td><td>"&L10&"</td><td>"&M10&"</td><td>"&N10&"</td><td>"&TEXT(O10,"0.00")&"</td><td>"&Z10&"</td><td>"&TEXT(AA10,"0.00")&"</td></tr>" -> <tr><td>Rudney</td><td>88</td><td>1</td><td>0</td><td>0</td><td>1</td><td>0</td><td>1</td><td>2</td><td>2</td><td>0</td><td>0</td><td>2</td><td>9</td><td>0.10</td><td>19</td><td>0.22</td></tr> | AT10: ="<tr><td>Rudney</td><td>"&B10&"</td><td>"&P10&"</td><td>"&Q10&"</td><td>"&R10&"</td><td>"&S10&"</td><td>"&T10&"</td><td>"&U10&"</td><td>"&V10&"</td><td>"&W10&"</td><td>"&X10&"</td><td>"&TEXT(Y10,"0.00")&"</td><td>"&Z10&"</td><td>"&TEXT(AA10,"0.00")&"</td></tr>" -> <tr><td>Rudney</td><td>88</td><td>1</td><td>0</td><td>1</td><td>1</td><td>4</td><td>0</td><td>0</td><td>3</td><td>10</td><td>0.11</td><td>19</td><td>0.22</td></tr>
A11: emma p | B11: 0 | C11: 0 | D11: 0 | E11: 0 | F11: 0 | G11: 0 | H11: 0 | I11: 0 | J11: 0 | K11: 0 | L11: 0 | M11: 0 | N11: 0 | O11: =IFERROR(N11/B11,0) -> 0 | P11: 0 | Q11: 0 | R11: 0 | S11: 0 | T11: 0 | U11: 0 | V11: 0 | W11: 0 | X11: 0 | Y11: =IFERROR(X11/B11,0) -> 0 | Z11: 0 | AA11: =IFERROR(Z11/B11,0) -> 0 | AC11: ="<tr><td>Prososki</td><td>"&B11&"</td><td>"&C11&"</td><td>"&D11&"</td><td>"&E11&"</td><td>"&F11&"</td><td>"&G11&"</td><td>"&H11&"</td><td>"&I11&"</td><td>"&J11&"</td><td>"&K11&"</td><td>"&L11&"</td><td>"&M11&"</td><td>"&N11&"</td><td>"&TEXT(O11,"0.00")&"</td><td>"&Z11&"</td><td>"&TEXT(AA11,"0.00")&"</td></tr>" -> <tr><td>Prososki</td><td>0</td><td>0</td><td>0</td><td>0</td><td>0</td><td>0</td><td>0</td><td>0</td><td>0</td><td>0</td><td>0</td><td>0</td><td>0</td><td>0.00</td><td>0</td><td>0.00</td></tr> | AT11: ="<tr><td>Prososki</td><td>"&B11&"</td><td>"&P11&"</td><td>"&Q11&"</td><td>"&R11&"</td><td>"&S11&"</td><td>"&T11&"</td><td>"&U11&"</td><td>"&V11&"</td><td>"&W11&"</td><td>"&X11&"</td><td>"&TEXT(Y11,"0.00")&"</td><td>"&Z11&"</td><td>"&TEXT(AA11,"0.00")&"</td></tr>" -> <tr><td>Prososki</td><td>0</td><td>0</td><td>0</td><td>0</td><td>0</td><td>0</td><td>0</td><td>0</td><td>0</td><td>0</td><td>0.00</td><td>0</td><td>0.00</td></tr>
A12: emma r | B12: 0 | C12: 0 | D12: 0 | E12: 0 | F12: 0 | G12: 0 | H12: 0 | I12: 0 | J12: 0 | K12: 0 | L12: 0 | M12: 0 | N12: 0 | O12: =IFERROR(N12/B12,0) -> 0 | P12: 0 | Q12: 0 | R12: 0 | S12: 0 | T12: 0 | U12: 0 | V12: 0 | W12: 0 | X12: 0 | Y12: =IFERROR(X12/B12,0) -> 0 | Z12: 0 | AA12: =IFERROR(Z12/B12,0) -> 0 | AC12: ="<tr><td>Reda</td><td>"&B12&"</td><td>"&C12&"</td><td>"&D12&"</td><td>"&E12&"</td><td>"&F12&"</td><td>"&G12&"</td><td>"&H12&"</td><td>"&I12&"</td><td>"&J12&"</td><td>"&K12&"</td><td>"&L12&"</td><td>"&M12&"</td><td>"&N12&"</td><td>"&TEXT(O12,"0.00")&"</td><td>"&Z12&"</td><td>"&TEXT(AA12,"0.00")&"</td></tr>" -> <tr><td>Reda</td><td>0</td><td>0</td><td>0</td><td>0</td><td>0</td><td>0</td><td>0</td><td>0</td><td>0</td><td>0</td><td>0</td><td>0</td><td>0</td><td>0.00</td><td>0</td><td>0.00</td></tr> | AT12: ="<tr><td>Reda</td><td>"&B12&"</td><td>"&P12&"</td><td>"&Q12&"</td><td>"&R12&"</td><td>"&S12&"</td><td>"&T12&"</td><td>"&U12&"</td><td>"&V12&"</td><td>"&W12&"</td><td>"&X12&"</td><td>"&TEXT(Y12,"0.00")&"</td><td>"&Z12&"</td><td>"&TEXT(AA12,"0.00")&"</td></tr>" -> <tr><td>Reda</td><td>0</td><td>0</td><td>0</td><td>0</td><td>0</td><td>0</td><td>0</td><td>0</td><td>0</td><td>0</td><td>0.00</td><td>0</td><td>0.00</td></tr>
A13: izzie | B13: 2 | C13: 0 | D13: 0 | E13: 0 | F13: 0 | G13: 0 | H13: 0 | I13: 0 | J13: 0 | K13: 0 | L13: 0 | M13: 0 | N13: 0 | O13: =IFERROR(N13/B13,0) -> 0 | P13: 0 | Q13: 0 | R13: 0 | S13: 0 | T13: 0 | U13: 0 | V13: 0 | W13: 0 | X13: 0 | Y13: =IFERROR(X13/B13,0) -> 0 | Z13: 0 | AA13: =IFERROR(Z13/B13,0) -> 0 | AC13: ="<tr><td>Kiser</td><td>"&B13&"</td><td>"&C13&"</td><td>"&D13&"</td><td>"&E13&"</td><td>"&F13&"</td><td>"&G13&"</td><td>"&H13&"</td><td>"&I13&"</td><td>"&J13&"</td><td>"&K13&"</td><td>"&L13&"</td><td>"&M13&"</td><td>"&N13&"</td><td>"&TEXT(O13,"0.00")&"</td><td>"&Z13&"</td><td>"&TEXT(AA13,"0.00")&"</td></tr>" -> <tr><td>Kiser</td><td>2</td><td>0</td><td>0</td><td>0</td><td>0</td><td>0</td><td>0</td><td>0</td><td>0</td><td>0</td><td>0</td><td>0</td><td>0</td><td>0.00</td><td>0</td><td>0.00</td></tr> | AT13: ="<tr><td>Kiser</td><td>"&B13&"</td><td>"&P13&"</td><td>"&Q13&"</td><td>"&R13&"</td><td>"&S13&"</td><td>"&T13&"</td><td>"&U13&"</td><td>"&V13&"</td><td>"&W13&"</td><td>"&X13&"</td><td>"&TEXT(Y13,"0.00")&"</td><td>"&Z13&"</td><td>"&TEXT(AA13,"0.00")&"</td></tr>" -> <tr><td>Kiser</td><td>2</td><td>0</td><td>0</td><td>0</td><td>0</td><td>0</td><td>0</td><td>0</td><td>0</td><td>0</td><td>0.00</td><td>0</td><td>0.00</td></tr>
A14: jo | B14: 27 | C14: 0 | D14: 1 | E14: 0 | F14: 3 | G14: 0 | H14: 0 | I14: 0 | J14: 0 | K14: 0 | L14: 0 | M14: 0 | N14: 4 | O14: =IFERROR(N14/B14,0) -> 0.14814815 | P14: 2 | Q14: 3 | R14: 1 | S14: 0 | T14: 1 | U14: 1 | V14: 0 | W14: 0 | X14: 8 | Y14: =IFERROR(X14/B14,0) -> 0.2962963 | Z14: 12 | AA14: =IFERROR(Z14/B14,0) -> 0.44444444 | AC14: ="<tr><td>Sees</td><td>"&B14&"</td><td>"&C14&"</td><td>"&D14&"</td><td>"&E14&"</td><td>"&F14&"</td><td>"&G14&"</td><td>"&H14&"</td><td>"&I14&"</td><td>"&J14&"</td><td>"&K14&"</td><td>"&L14&"</td><td>"&M14&"</td><td>"&N14&"</td><td>"&TEXT(O14,"0.00")&"</td><td>"&Z14&"</td><td>"&TEXT(AA14,"0.00")&"</td></tr>" -> <tr><td>Sees</td><td>27</td><td>0</td><td>1</td><td>0</td><td>3</td><td>0</td><td>0</td><td>0</td><td>0</td><td>0</td><td>0</td><td>0</td><td>4</td><td>0.15</td><td>12</td><td>0.44</td></tr> | AT14: ="<tr><td>Sees</td><td>"&B14&"</td><td>"&P14&"</td><td>"&Q14&"</td><td>"&R14&"</td><td>"&S14&"</td><td>"&T14&"</td><td>"&U14&"</td><td>"&V14&"</td><td>"&W14&"</td><td>"&X14&"</td><td>"&TEXT(Y14,"0.00")&"</td><td>"&Z14&"</td><td>"&TEXT(AA14,"0.00")&"</td></tr>" -> <tr><td>Sees</td><td>27</td><td>2</td><td>3</td><td>1</td><td>0</td><td>1</td><td>1</td><td>0</td><td>0</td><td>8</td><td>0.30</td><td>12</td><td>0.44</td></tr>
A15: karli | B15: 90 | C15: 0 | D15: 0 | E15: 1 | F15: 2 | G15: 1 | H15: 0 | I15: 0 | J15: 0 | K15: 0 | L15: 0 | M15: 0 | N15: 4 | O15: =IFERROR(N15/B15,0) -> 0.044444444 | P15: 3 | Q15: 4 | R15: 0 | S15: 2 | T15: 3 | U15: 0 | V15: 4 | W15: 4 | X15: 20 | Y15: =IFERROR(X15/B15,0) -> 0.22222222 | Z15: 24 | AA15: =IFERROR(Z15/B15,0) -> 0.26666667 | AC15: ="<tr><td>Williams</td><td>"&B15&"</td><td>"&C15&"</td><td>"&D15&"</td><td>"&E15&"</td><td>"&F15&"</td><td>"&G15&"</td><td>"&H15&"</td><td>"&I15&"</td><td>"&J15&"</td><td>"&K15&"</td><td>"&L15&"</td><td>"&M15&"</td><td>"&N15&"</td><td>"&TEXT(O15,"0.00")&"</td><td>"&Z15&"</td><td>"&TEXT(AA15,"0.00")&"</td></tr>" -> <tr><td>Williams</td><td>90</td><td>0</td><td>0</td><td>1</td><td>2</td><td>1</td><td>0</td><td>0</td><td>0</td><td>0</td><td>0</td><td>0</td><td>4</td><td>0.04</td><td>24</td><td>0.27</td></tr> | AT15: ="<tr><td>Williams</td><td>"&B15&"</td><td>"&P15&"</td><td>"&Q15&"</td><td>"&R15&"</td><td>"&S15&"</td><td>"&T15&"</td><td>"&U15&"</td><td>"&V15&"</td><td>"&W15&"</td><td>"&X15&"</td><td>"&TEXT(Y15,"0.00")&"</td><td>"&Z15&"</td><td>"&TEXT(AA15,"0.00")&"</td></tr>" -> <tr><td>Williams</td><td>90</td><td>3</td><td>4</td><td>0</td><td>2</td><td>3</td><td>0</td><td>4</td><td>4</td><td>20</td><td>0.22</td><td>24</td><td>0.27</td></tr>
A16: kate | B16: 56 | C16: 0 | D16: 0 | E16: 1 | F16: 2 | G16: 0 | H16: 0 | I16: 2 | J16: 1 | K16: 2 | L16: 0 | M16: 0 | N16: 8 | O16: =IFERROR(N16/B16,0) -> 0.14285714 | P16: 3 | Q16: 1 | R16: 0 | S16: 0 | T16: 0 | U16: 0 | V16: 0 | W16: 2 | X16: 6 | Y16: =IFERROR(X16/B16,0) -> 0.10714286 | Z16: 14 | AA16: =IFERROR(Z16/B16,0) -> 0.25 | AC16: ="<tr><td>Eggett</td><td>"&B16&"</td><td>"&C16&"</td><td>"&D16&"</td><td>"&E16&"</td><td>"&F16&"</td><td>"&G16&"</td><td>"&H16&"</td><td>"&I16&"</td><td>"&J16&"</td><td>"&K16&"</td><td>"&L16&"</td><td>"&M16&"</td><td>"&N16&"</td><td>"&TEXT(O16,"0.00")&"</td><td>"&Z16&"</td><td>"&TEXT(AA16,"0.00")&"</td></tr>" -> <tr><td>Eggett</td><td>56</td><td>0</td><td>0</td><td>1</td><td>2</td><td>0</td><td>0</td><td>2</td><td>1</td><td>2</td><td>0</td><td>0</td><td>8</td><td>0.14</td><td>14</td><td>0.25</td></tr> | AT16: ="<tr><td>Eggett</td><td>"&B16&"</td><td>"&P16&"</td><td>"&Q16&"</td><td>"&R16&"</td><td>"&S16&"</td><td>"&T16&"</td><td>"&U16&"</td><td>"&V16&"</td><td>"&W16&"</td><td>"&X16&"</td><td>"&TEXT(Y16,"0.00")&"</td><td>"&Z16&"</td><td>"&TEXT(AA16,"0.00")&"</td></tr>" -> <tr><td>Eggett</td><td>56</td><td>3</td><td>1</td><td>0</td><td>0</td><td>0</td><td>0</td><td>0</td><td>2</td><td>6</td><td>0.11</td><td>14</td><td>0.25</td></tr>
A17: kayma | B17: 70 | C17: 0 | D17: 0 | E17: 1 | F17: 8 | G17: 0 | H17: 0 | I17: 0 | J17: 1 | K17: 0 | L17: 0 | M17: 0 | N17: 10 | O17: =IFERROR(N17/B17,0) -> 0.14285714 | P17: 4 | Q17: 9 | R17: 0 | S17: 0 | T17: 3 | U17: 0 | V17: 3 | W17: 4 | X17: 23 | Y17: =IFERROR(X17/B17,0) -> 0.32857143 | Z17: 33 | AA17: =IFERROR(Z17/B17,0) -> 0.47142857 | AC17: ="<tr><td>Carpenter</td><td>"&B17&"</td><td>"&C17&"</td><td>"&D17&"</td><td>"&E17&"</td><td>"&F17&"</td><td>"&G17&"</td><td>"&H17&"</td><td>"&I17&"</td><td>"&J17&"</td><td>"&K17&"</td><td>"&L17&"</td><td>"&M17&"</td><td>"&N17&"</td><td>"&TEXT(O17,"0.00")&"</td><td>"&Z17&"</td><td>"&TEXT(AA17,"0.00")&"</td></tr>" -> <tr><td>Carpenter</td><td>70</td><td>0</td><td>0</td><td>1</td><td>8</td><td>0</td><td>0</td><td>0</td><td>1</td><td>0</td><td>0</td><td>0</td><td>10</td><td>0.14</td><td>33</td><td>0.47</td></tr> | AT17: ="<tr><td>Carpenter</td><td>"&B17&"</td><td>"&P17&"</td><td>"&Q17&"</td><td>"&R17&"</td><td>"&S17&"</td><td>"&T17&"</td><td>"&U17&"</td><td>"&V17&"</td><td>"&W17&"</td><td>"&X17&"</td><td>"&TEXT(Y17,"0.00")&"</td><td>"&Z17&"</td><td>"&TEXT(AA17,"0.00")&"</td></tr>" -> <tr><td>Carpenter</td><td>70</td><td>4</td><td>9</td><td>0</td><td>0</td><td>3</td><td>0</td><td>3</td><td>4</td><td>23</td><td>0.33</td><td>33</td><td>0.47</td></tr>
A18: mia | B18: 0 | C18: 0 | D18: 0 | E18: 0 | F18: 0 | G18: 0 | H18: 0 | I18: 0 | J18: 0 | K18: 0 | L18: 0 | M18: 0 | N18: 0 | O18: =IFERROR(N18/B18,0) -> 0 | P18: 0 | Q18: 0 | R18: 0 | S18: 0 | T18: 0 | U18: 0 | V18: 0 | W18: 0 | X18: 0 | Y18: =IFERROR(X18/B18,0) -> 0 | Z18: 0 | AA18: =IFERROR(Z18/B18,0) -> 0 | AC18: ="<tr><td>Cairone</td><td>"&B18&"</td><td>"&C18&"</td><td>"&D18&"</td><td>"&E18&"</td><td>"&F18&"</td><td>"&G18&"</td><td>"&H18&"</td><td>"&I18&"</td><td>"&J18&"</td><td>"&K18&"</td><td>"&L18&"</td><td>"&M18&"</td><td>"&N18&"</td><td>"&TEXT(O18,"0.00")&"</td><td>"&Z18&"</td><td>"&TEXT(AA18,"0.00")&"</td></tr>" -> <tr><td>Cairone</td><td>0</td><td>0</td><td>0</td><td>0</td><td>0</td><td>0</td><td>0</td><td>0</td><td>0</td><td>0</td><td>0</td><td>0</td><td>0</td><td>0.00</td><td>0</td><td>0.00</td></tr> | AT18: ="<tr><td>Cairone</td><td>"&B18&"</td><td>"&P18&"</td><td>"&Q18&"</td><td>"&R18&"</td><td>"&S18&"</td><td>"&T18&"</td><td>"&U18&"</td><td>"&V18&"</td><td>"&W18&"</td><td>"&X18&"</td><td>"&TEXT(Y18,"0.00")&"</td><td>"&Z18&"</td><td>"&TEXT(AA18,"0.00")&"</td></tr>" -> <tr><td>Cairone</td><td>0</td><td>0</td><td>0</td><td>0</td><td>0</td><td>0</td><td>0</td><td>0</td><td>0</td><td>0</td><td>0.00</td><td>0</td><td>0.00</td></tr>
A19: nathalie | B19: 76 | C19: 1 | D19: 0 | E19: 0 | F19: 1 | G19: 0 | H19: 0 | I19: 3 | J19: 0 | K19: 0 | L19: 0 | M19: 1 | N19: 6 | O19: =IFERROR(N19/B19,0) -> 0.078947368 | P19: 4 | Q19: 2 | R19: 0 | S19: 0 | T19: 2 | U19: 0 | V19: 0 | W19: 2 | X19: 10 | Y19: =IFERROR(X19/B19,0) -> 0.13157895 | Z19: 16 | AA19: =IFERROR(Z19/B19,0) -> 0.21052632 | AC19: ="<tr><td>Lewis</td><td>"&B19&"</td><td>"&C19&"</td><td>"&D19&"</td><td>"&E19&"</td><td>"&F19&"</td><td>"&G19&"</td><td>"&H19&"</td><td>"&I19&"</td><td>"&J19&"</td><td>"&K19&"</td><td>"&L19&"</td><td>"&M19&"</td><td>"&N19&"</td><td>"&TEXT(O19,"0.00")&"</td><td>"&Z19&"</td><td>"&TEXT(AA19,"0.00")&"</td></tr>" -> <tr><td>Lewis</td><td>76</td><td>1</td><td>0</td><td>0</td><td>1</td><td>0</td><td>0</td><td>3</td><td>0</td><td>0</td><td>0</td><td>1</td><td>6</td><td>0.08</td><td>16</td><td>0.21</td></tr> | AT19: ="<tr><td>Lewis</td><td>"&B19&"</td><td>"&P19&"</td><td>"&Q19&"</td><td>"&R19&"</td><td>"&S19&"</td><td>"&T19&"</td><td>"&U19&"</td><td>"&V19&"</td><td>"&W19&"</td><td>"&X19&"</td><td>"&TEXT(Y19,"0.00")&"</td><td>"&Z19&"</td><td>"&TEXT(AA19,"0.00")&"</td></tr>" -> <tr><td>Lewis</td><td>76</td><td>4</td><td>2</td><td>0</td><td>0</td><td>2</td><td>0</td><td>0</td><td>2</td><td>10</td><td>0.13</td><td>16</td><td>0.21</td></tr>
A20: paige | B20: 0 | C20: 0 | D20: 0 | E20: 0 | F20: 0 | G20: 0 | H20: 0 | I20: 0 | J20: 0 | K20: 0 | L20: 0 | M20: 0 | N20: 0 | O20: =IFERROR(N20/B20,0) -> 0 | P20: 0 | Q20: 0 | R20: 0 | S20: 0 | T20: 0 | U20: 0 | V20: 0 | W20: 0 | X20: 0 | Y20: =IFERROR(X20/B20,0) -> 0 | Z20: 0 | AA20: =IFERROR(Z20/B20,0) -> 0 | AC20: ="<tr><td>Miller</td><td>"&B20&"</td><td>"&C20&"</td><td>"&D20&"</td><td>"&E20&"</td><td>"&F20&"</td><td>"&G20&"</td><td>"&H20&"</td><td>"&I20&"</td><td>"&J20&"</td><td>"&K20&"</td><td>"&L20&"</td><td>"&M20&"</td><td>"&N20&"</td><td>"&TEXT(O20,"0.00")&"</td><td>"&Z20&"</td><td>"&TEXT(AA20,"0.00")&"</td></tr>" -> <tr><td>Miller</td><td>0</td><td>0</td><td>0</td><td>0</td><td>0</td><td>0</td><td>0</td><td>0</td><td>0</td><td>0</td><td>0</td><td>0</td><td>0</td><td>0.00</td><td>0</td><td>0.00</td></tr> | AT20: ="<tr><td>Miller</td><td>"&B20&"</td><td>"&P20&"</td><td>"&Q20&"</td><td>"&R20&"</td><td>"&S20&"</td><td>"&T20&"</td><td>"&U20&"</td><td>"&V20&"</td><td>"&W20&"</td><td>"&X20&"</td><td>"&TEXT(Y20,"0.00")&"</td><td>"&Z20&"</td><td>"&TEXT(AA20,"0.00")&"</td></tr>" -> <tr><td>Miller</td><td>0</td><td>0</td><td>0</td><td>0</td><td>0</td><td>0</td><td>0</td><td>0</td><td>0</td><td>0</td><td>0.00</td><td>0</td><td>0.00</td></tr>
A21: prez | B21: 83 | C21: 0 | D21: 0 | E21: 0 | F21: 0 | G21: 0 | H21: 0 | I21: 2 | J21: 1 | K21: 0 | L21: 0 | M21: 0 | N21: 3 | O21: =IFERROR(N21/B21,0) -> 0.036144578 | P21: 3 | Q21: 2 | R21: 1 | S21: 1 | T21: 0 | U21: 0 | V21: 2 | W21: 11 | X21: 20 | Y21: =IFERROR(X21/B21,0) -> 0.24096386 | Z21: 23 | AA21: =IFERROR(Z21/B21,0) -> 0.27710843 | AC21: ="<tr><td>Snowden</td><td>"&B21&"</td><td>"&C21&"</td><td>"&D21&"</td><td>"&E21&"</td><td>"&F21&"</td><td>"&G21&"</td><td>"&H21&"</td><td>"&I21&"</td><td>"&J21&"</td><td>"&K21&"</td><td>"&L21&"</td><td>"&M21&"</td><td>"&N21&"</td><td>"&TEXT(O21,"0.00")&"</td><td>"&Z21&"</td><td>"&TEXT(AA21,"0.00")&"</td></tr>" -> <tr><td>Snowden</td><td>83</td><td>0</td><td>0</td><td>0</td><td>0</td><td>0</td><td>0</td><td>2</td><td>1</td><td>0</td><td>0</td><td>0</td><td>3</td><td>0.04</td><td>23</td><td>0.28</td></tr> | AT21: ="<tr><td>Snowden</td><td>"&B21&"</td><td>"&P21&"</td><td>"&Q21&"</td><td>"&R21&"</td><td>"&S21&"</td><td>"&T21&"</td><td>"&U21&"</td><td>"&V21&"</td><td>"&W21&"</td><td>"&X21&"</td><td>"&TEXT(Y21,"0.00")&"</td><td>"&Z21&"</td><td>"&TEXT(AA21,"0.00")&"</td></tr>" -> <tr><td>Snowden</td><td>83</td><td>3</td><td>2</td><td>1</td><td>1</td><td>0</td><td>0</td><td>2</td><td>11</td><td>20</td><td>0.24</td><td>23</td><td>0.28</td></tr>
A22: reese b | B22: 90 | C22: 0 | D22: 0 | E22: 0 | F22: 3 | G22: 1 | H22: 0 | I22: 0 | J22: 0 | K22: 1 | L22: 0 | M22: 0 | N22: 5 | O22: =IFERROR(N22/B22,0) -> 0.055555556 | P22: 6 | Q22: 5 | R22: 0 | S22: 3 | T22: 8 | U22: 3 | V22: 20 | W22: 1 | X22: 46 | Y22: =IFERROR(X22/B22,0) -> 0.51111111 | Z22: 51 | AA22: =IFERROR(Z22/B22,0) -> 0.56666667 | AC22: ="<tr><td>Borer</td><td>"&B22&"</td><td>"&C22&"</td><td>"&D22&"</td><td>"&E22&"</td><td>"&F22&"</td><td>"&G22&"</td><td>"&H22&"</td><td>"&I22&"</td><td>"&J22&"</td><td>"&K22&"</td><td>"&L22&"</td><td>"&M22&"</td><td>"&N22&"</td><td>"&TEXT(O22,"0.00")&"</td><td>"&Z22&"</td><td>"&TEXT(AA22,"0.00")&"</td></tr>" -> <tr><td>Borer</td><td>90</td><td>0</td><td>0</td><td>0</td><td>3</td><td>1</td><td>0</td><td>0</td><td>0</td><td>1</td><td>0</td><td>0</td><td>5</td><td>0.06</td><td>51</td><td>0.57</td></tr> | AT22: ="<tr><td>Borer</td><td>"&B22&"</td><td>"&P22&"</td><td>"&Q22&"</td><td>"&R22&"</td><td>"&S22&"</td><td>"&T22&"</td><td>"&U22&"</td><td>"&V22&"</td><td>"&W22&"</td><td>"&X22&"</td><td>"&TEXT(Y22,"0.00")&"</td><td>"&Z22&"</td><td>"&TEXT(AA22,"0.00")&"</td></tr>" -> <tr><td>Borer</td><td>90</td><td>6</td><td>5</td><td>0</td><td>3</td><td>8</td><td>3</td><td>20</td><td>1</td><td>46</td><td>0.51</td><td>51</td><td>0.57</td></tr>
A23: rin | B23: 2 | C23: 0 | D23: 0 | E23: 0 | F23: 0 | G23: 0 | H23: 0 | I23: 0 | J23: 0 | K23: 0 | L23: 0 | M23: 0 | N23: 0 | O23: =IFERROR(N23/B23,0) -> 0 | P23: 0 | Q23: 0 | R23: 0 | S23: 0 | T23: 0 | U23: 0 | V23: 0 | W23: 0 | X23: 0 | Y23: =IFERROR(X23/B23,0) -> 0 | Z23: 0 | AA23: =IFERROR(Z23/B23,0) -> 0 | AC23: ="<tr><td>Sato</td><td>"&B23&"</td><td>"&C23&"</td><td>"&D23&"</td><td>"&E23&"</td><td>"&F23&"</td><td>"&G23&"</td><td>"&H23&"</td><td>"&I23&"</td><td>"&J23&"</td><td>"&K23&"</td><td>"&L23&"</td><td>"&M23&"</td><td>"&N23&"</td><td>"&TEXT(O23,"0.00")&"</td><td>"&Z23&"</td><td>"&TEXT(AA23,"0.00")&"</td></tr>" -> <tr><td>Sato</td><td>2</td><td>0</td><td>0</td><td>0</td><td>0</td><td>0</td><td>0</td><td>0</td><td>0</td><td>0</td><td>0</td><td>0</td><td>0</td><td>0.00</td><td>0</td><td>0.00</td></tr> | AT23: ="<tr><td>Sato</td><td>"&B23&"</td><td>"&P23&"</td><td>"&Q23&"</td><td>"&R23&"</td><td>"&S23&"</td><td>"&T23&"</td><td>"&U23&"</td><td>"&V23&"</td><td>"&W23&"</td><td>"&X23&"</td><td>"&TEXT(Y23,"0.00")&"</td><td>"&Z23&"</td><td>"&TEXT(AA23,"0.00")&"</td></tr>" -> <tr><td>Sato</td><td>2</td><td>0</td><td>0</td><td>0</td><td>0</td><td>0</td><td>0</td><td>0</td><td>0</td><td>0</td><td>0.00</td><td>0</td><td>0.00</td></tr>
A24: sadie | B24: 88 | C24: 0 | D24: 1 | E24: 3 | F24: 7 | G24: 0 | H24: 0 | I24: 3 | J24: 0 | K24: 0 | L24: 3 | M24: 0 | N24: 17 | O24: =IFERROR(N24/B24,0) -> 0.19318182 | P24: 5 | Q24: 6 | R24: 3 | S24: 2 | T24: 2 | U24: 3 | V24: 0 | W24: 7 | X24: 28 | Y24: =IFERROR(X24/B24,0) -> 0.31818182 | Z24: 45 | AA24: =IFERROR(Z24/B24,0) -> 0.51136364 | AC24: ="<tr><td>Sant</td><td>"&B24&"</td><td>"&C24&"</td><td>"&D24&"</td><td>"&E24&"</td><td>"&F24&"</td><td>"&G24&"</td><td>"&H24&"</td><td>"&I24&"</td><td>"&J24&"</td><td>"&K24&"</td><td>"&L24&"</td><td>"&M24&"</td><td>"&N24&"</td><td>"&TEXT(O24,"0.00")&"</td><td>"&Z24&"</td><td>"&TEXT(AA24,"0.00")&"</td></tr>" -> <tr><td>Sant</td><td>88</td><td>0</td><td>1</td><td>3</td><td>7</td><td>0</td><td>0</td><td>3</td><td>0</td><td>0</td><td>3</td><td>0</td><td>17</td><td>0.19</td><td>45</td><td>0.51</td></tr> | AT24: ="<tr><td>Sant</td><td>"&B24&"</td><td>"&P24&"</td><td>"&Q24&"</td><td>"&R24&"</td><td>"&S24&"</td><td>"&T24&"</td><td>"&U24&"</td><td>"&V24&"</td><td>"&W24&"</td><td>"&X24&"</td><td>"&TEXT(Y24,"0.00")&"</td><td>"&Z24&"</td><td>"&TEXT(AA24,"0.00")&"</td></tr>" -> <tr><td>Sant</td><td>88</td><td>5</td><td>6</td><td>3</td><td>2</td><td>2</td><td>3</td><td>0</td><td>7</td><td>28</td><td>0.32</td><td>45</td><td>0.51</td></tr>
A26: =AC4 -> <tr><td>Makovicka</td><td>84</td><td>1</td><td>0</td><td>1</td><td>1</td><td>0</td><td>1</td><td>0</td><td>6</td><td>2</td><td>0</td><td>0</td><td>14</td><td>0.17</td><td>28</td><td>0.33</td></tr>
A27: =AC15 -> <tr><td>Williams</td><td>90</td><td>0</td><td>0</td><td>1</td><td>2</td><td>1</td><td>0</td><td>0</td><td>0</td><td>0</td><td>0</td><td>0</td><td>4</td><td>0.04</td><td>24</td><td>0.27</td></tr>
A28: =AC9 -> <tr><td>Guyott</td><td>0</td><td>0</td><td>0</td><td>0</td><td>0</td><td>0</td><td>0</td><td>0</td><td>0</td><td>0</td><td>0</td><td>0</td><td>0</td><td>0.00</td><td>0</td><td>0.00</td></tr>
A29: =AC24 -> <tr><td>Sant</td><td>88</td><td>0</td><td>1</td><td>3</td><td>7</td><td>0</td><td>0</td><td>3</td><td>0</td><td>0</td><td>3</td><td>0</td><td>17</td><td>0.19</td><td>45</td><td>0.51</td></tr>
A30: =AC12 -> <tr><td>Reda</td><td>0</td><td>0</td><td>0</td><td>0</td><td>0</td><td>0</td><td>0</td><td>0</td><td>0</td><td>0</td><td>0</td><td>0</td><td>0</td><td>0.00</td><td>0</td><td>0.00</td></tr>
A31: =AC22 -> <tr><td>Borer</td><td>90</td><td>0</td><td>0</td><td>0</td><td>3</td><td>1</td><td>0</td><td>0</td><td>0</td><td>1</td><td>0</td><td>0</td><td>5</td><td>0.06</td><td>51</td><td>0.57</td></tr>
A32: =AC3 -> <tr><td>Geraneo</td><td>0</td><td>0</td><td>0</td><td>0</td><td>0</td><td>0</td><td>0</td><td>0</td><td>0</td><td>0</td><td>0</td><td>0</td><td>0</td><td>0.00</td><td>0</td><td>0.00</td></tr>
A33: =AC7 -> <tr><td>Donnelly</td><td>90</td><td>0</td><td>0</td><td>2</td><td>5</td><td>0</td><td>1</td><td>0</td><td>0</td><td>0</td><td>0</td><td>0</td><td>8</td><td>0.09</td><td>31</td><td>0.34</td></tr>
A34: =AC8 -> <tr><td>Drozda</td><td>28</td><td>0</td><td>0</td><td>1</td><td>1</td><td>1</td><td>0</td><td>0</td><td>0</td><td>0</td><td>1</td><td>0</td><td>4</td><td>0.14</td><td>12</td><td>0.43</td></tr>
A35: =AC23 -> <tr><td>Sato</td><td>2</td><td>0</td><td>0</td><td>0</td><td>0</td><td>0</td><td>0</td><td>0</td><td>0</td><td>0</td><td>0</td><td>0</td><td>0</td><td>0.00</td><td>0</td><td>0.00</td></tr>
A36: =AC20 -> <tr><td>Miller</td><td>0</td><td>0</td><td>0</td><td>0</td><td>0</td><td>0</td><td>0</td><td>0</td><td>0</td><td>0</td><td>0</td><td>0</td><td>0</td><td>0.00</td><td>0</td><td>0.00</td></tr>
A37: =AC14 -> <tr><td>Sees</td><td>27</td><td>0</td><td>1</td><td>0</td><td>3</td><td>0</td><td>0</td><td>0</td><td>0</td><td>0</td><td>0</td><td>0</td><td>4</td><td>0.15</td><td>12</td><td>0.44</td></tr>
A38: =AC21 -> <tr><td>Snowden</td><td>83</td><td>0</td><td>0</td><td>0</td><td>0</td><td>0</td><td>0</td><td>2</td><td>1</td><td>0</td><td>0</td><td>0</td><td>3</td><td>0.04</td><td>23</td><td>0.28</td></tr>
A39: =AC11 -> <tr><td>Prososki</td><td>0</td><td>0</td><td>0</td><td>0</td><td>0</td><td>0</td><td>0</td><td>0</td><td>0</td><td>0</td><td>0</td><td>0</td><td>0</td><td>0.00</td><td>0</td><td>0.00</td></tr>
A40: =AC13 -> <tr><td>Kiser</td><td>2</td><td>0</td><td>0</td><td>0</td><td>0</td><td>0</td><td>0</td><td>0</td><td>0</td><td>0</td><td>0</td><td>0</td><td>0</td><td>0.00</td><td>0</td><td>0.00</td></tr>
A41: =AC5 -> <tr><td>Bohonek</td><td>28</td><td>0</td><td>0</td><td>1</td><td>0</td><td>0</td><td>0</td><td>0</td><td>1</td><td>1</td><td>0</td><td>0</td><td>3</td><td>0.11</td><td>11</td><td>0.39</td></tr>
A42: =AC10 -> <tr><td>Rudney</td><td>88</td><td>1</td><td>0</td><td>0</td><td>1</td><td>0</td><td>1</td><td>2</td><td>2</td><td>0</td><td>0</td><td>2</td><td>9</td><td>0.10</td><td>19</td><td>0.22</td></tr>
A43: =AC2 -> <tr><td>Jones</td><td>7</td><td>0</td><td>0</td><td>0</td><td>0</td><td>0</td><td>0</td><td>0</td><td>0</td><td>0</td><td>0</td><td>0</td><td>0</td><td>0.00</td><td>2</td><td>0.29</td></tr>
A44: =AC19 -> <tr><td>Lewis</td><td>76</td><td>1</td><td>0</td><td>0</td><td>1</td><td>0</td><td>0</td><td>3</td><td>0</td><td>0</td><td>0</td><td>1</td><td>6</td><td>0.08</td><td>16</td><td>0.21</td></tr>
A45: =AC17 -> <tr><td>Carpenter</td><td>70</td><td>0</td><td>0</td><td>1</td><td>8</td><td>0</td><td>0</td><td>0</td><td>1</td><td>0</td><td>0</td><td>0</td><td>10</td><td>0.14</td><td>33</td><td>0.47</td></tr>
A46: =AC18 -> <tr><td>Cairone</td><td>0</td><td>0</td><td>0</td><td>0</td><td>0</td><td>0</td><td>0</td><td>0</td><td>0</td><td>0</td><td>0</td><td>0</td><td>0</td><td>0.00</td><td>0</td><td>0.00</td></tr>
A47: =AC16 -> <tr><td>Eggett</td><td>56</td><td>0</td><td>0</td><td>1</td><td>2</td><td>0</td><td>0</td><td>2</td><td>1</td><td>2</td><td>0</td><td>0</td><td>8</td><td>0.14</td><td>14</td><td>0.25</td></tr>
A48: =AC6 -> <tr><td>Wistrom</td><td>2</td><td>0</td><td>0</td><td>0</td><td>0</td><td>0</td><td>0</td><td>0</td><td>0</td><td>0</td><td>0</td><td>0</td><td>0</td><td>0.00</td><td>2</td><td>1.00</td></tr>
A50: =AT4 -> <tr><td>Makovicka</td><td>84</td><td>2</td><td>1</td><td>0</td><td>1</td><td>2</td><td>0</td><td>2</td><td>6</td><td>14</td><td>0.17</td><td>28</td><td>0.33</td></tr>
A51: =AT15 -> <tr><td>Williams</td><td>90</td><td>3</td><td>4</td><td>0</td><td>2</td><td>3</td><td>0</td><td>4</td><td>4</td><td>20</td><td>0.22</td><td>24</td><td>0.27</td></tr>
A52: =AT9 -> <tr><td>Guyott</td><td>0</td><td>0</td><td>0</td><td>0</td><td>0</td><td>0</td><td>0</td><td>0</td><td>0</td><td>0</td><td>0.00</td><td>0</td><td>0.00</td></tr>
A53: =AT24 -> <tr><td>Sant</td><td>88</td><td>5</td><td>6</td><td>3</td><td>2</td><td>2</td><td>3</td><td>0</td><td>7</td><td>28</td><td>0.32</td><td>45</td><td>0.51</td></tr>
A54: =AT12 -> <tr><td>Reda</td><td>0</td><td>0</td><td>0</td><td>0</td><td>0</td><td>0</td><td>0</td><td>0</td><td>0</td><td>0</td><td>0.00</td><td>0</td><td>0.00</td></tr>
A55: =AT22 -> <tr><td>Borer</td><td>90</td><td>6</td><td>5</td><td>0</td><td>3</td><td>8</td><td>3</td><td>20</td><td>1</td><td>46</td><td>0.51</td><td>51</td><td>0.57</td></tr>
A56: =AT3 -> <tr><td>Geraneo</td><td>0</td><td>0</td><td>0</td><td>0</td><td>0</td><td>0</td><td>0</td><td>0</td><td>0</td><td>0</td><td>0.00</td><td>0</td><td>0.00</td></tr>
A57: =AT7 -> <tr><td>Donnelly</td><td>90</td><td>1</td><td>5</td><td>2</td><td>2</td><td>2</td><td>0</td><td>8</td><td>3</td><td>23</td><td>0.26</td><td>31</td><td>0.34</td></tr>
A58: =AT8 -> <tr><td>Drozda</td><td>28</td><td>2</td><td>1</td><td>1</td><td>1</td><td>0</td><td>0</td><td>2</td><td>1</td><td>8</td><td>0.29</td><td>12</td><td>0.43</td></tr>
A59: =AT23 -> <tr><td>Sato</td><td>2</td><td>0</td><td>0</td><td>0</td><td>0</td><td>0</td><td>0</td><td>0</td><td>0</td><td>0</td><td>0.00</td><td>0</td><td>0.00</td></tr>
A60: =AT20 -> <tr><td>Miller</td><td>0</td><td>0</td><td>0</td><td>0</td><td>0</td><td>0</td><td>0</td><td>0</td><td>0</td><td>0</td><td>0.00</td><td>0</td><td>0.00</td></tr>
A61: =AT14 -> <tr><td>Sees</td><td>27</td><td>2</td><td>3</td><td>1</td><td>0</td><td>1</td><td>1</td><td>0</td><td>0</td><td>8</td><td>0.30</td><td>12</td><td>0.44</td></tr>
A62: =AT21 -> <tr><td>Snowden</td><td>83</td><td>3</td><td>2</td><td>1</td><td>1</td><td>0</td><td>0</td><td>2</td><td>11</td><td>20</td><td>0.24</td><td>23</td><td>0.28</td></tr>
A63: =AT11 -> <tr><td>Prososki</td><td>0</td><td>0</td><td>0</td><td>0</td><td>0</td><td>0</td><td>0</td><td>0</td><td>0</td><td>0</td><td>0.00</td><td>0</td><td>0.00</td></tr>
A64: =AT13 -> <tr><td>Kiser</td><td>2</td><td>0</td><td>0</td><td>0</td><td>0</td><td>0</td><td>0</td><td>0</td><td>0</td><td>0</td><td>0.00</td><td>0</td><td>0.00</td></tr>
A65: =AT5 -> <tr><td>Bohonek</td><td>28</td><td>1</td><td>0</td><td>0</td><td>0</td><td>1</td><td>3</td><td>0</td><td>3</td><td>8</td><td>0.29</td><td>11</td><td>0.39</td></tr>
A66: =AT10 -> <tr><td>Rudney</td><td>88</td><td>1</td><td>0</td><td>1</td><td>1</td><td>4</td><td>0</td><td>0</td><td>3</td><td>10</td><td>0.11</td><td>19</td><td>0.22</td></tr>
A67: =AT2 -> <tr><td>Jones</td><td>7</td><td>1</td><td>0</td><td>0</td><td>0</td><td>0</td><td>0</td><td>0</td><td>1</td><td>2</td><td>0.29</td><td>2</td><td>0.29</td></tr>
A68: =AT19 -> <tr><td>Lewis</td><td>76</td><td>4</td><td>2</td><td>0</td><td>0</td><td>2</td><td>0</td><td>0</td><td>2</td><td>10</td><td>0.13</td><td>16</td><td>0.21</td></tr>
A69: =AT17 -> <tr><td>Carpenter</td><td>70</td><td>4</td><td>9</td><td>0</td><td>0</td><td>3</td><td>0</td><td>3</td><td>4</td><td>23</td><td>0.33</td><td>33</td><td>0.47</td></tr>
A70: =AT18 -> <tr><td>Cairone</td><td>0</td><td>0</td><td>0</td><td>0</td><td>0</td><td>0</td><td>0</td><td>0</td><td>0</td><td>0</td><td>0.00</td><td>0</td><td>0.00</td></tr>
A71: =AT16 -> <tr><td>Eggett</td><td>56</td><td>3</td><td>1</td><td>0</td><td>0</td><td>0</td><td>0</td><td>0</td><td>2</td><td>6</td><td>0.11</td><td>14</td><td>0.25</td></tr>
A72: =AT6 -> <tr><td>Wistrom</td><td>2</td><td>0</td><td>1</td><td>0</td><td>0</td><td>0</td><td>0</td><td>0</td><td>1</td><td>2</td><td>1.00</td><td>2</td><td>1.00</td></tr>
A74: ava | B74: karli | C74: ella g | D74: sadie | E74: emma r | F74: reese b | G74: ally | H74: emma d | I74: maggie | J74: rin | K74: paige | L74: jo | M74: reese s | N74: emma p | O74: izzie | P74: carson | Q74: ella r | R74: addy | S74: nat | T74: kayma | U74: mia | V74: kate | W74: charlie
A75: stats: { | B75: stats: { | C75: stats: { | D75: stats: { | E75: stats: { | F75: stats: { | G75: stats: { | H75: stats: { | I75: stats: { | J75: stats: { | K75: stats: { | L75: stats: { | M75: stats: { | N75: stats: { | O75: stats: { | P75: stats: { | Q75: stats: { | R75: stats: { | S75: stats: { | T75: stats: { | U75: stats: { | V75: stats: { | W75: stats: {
A76: ="minutes: "&$B$4&"," -> minutes: 84, | B76: ="minutes: "&$B$15&"," -> minutes: 90, | C76: ="minutes: "&$B$9&"," -> minutes: 0, | D76: ="minutes: "&$B$24&"," -> minutes: 88, | E76: ="minutes: "&$B$12&"," -> minutes: 0, | F76: ="minutes: "&$B$22&"," -> minutes: 90, | G76: ="minutes: "&$B$3&"," -> minutes: 0, | H76: ="minutes: "&$B$7&"," -> minutes: 90, | I76: ="minutes: "&$B$8&"," -> minutes: 28, | J76: ="minutes: "&$B$23&"," -> minutes: 2, | K76: ="minutes: "&$B$20&"," -> minutes: 0, | L76: ="minutes: "&$B$14&"," -> minutes: 27, | M76: ="minutes: "&$B$21&"," -> minutes: 83, | N76: ="minutes: "&$B$11&"," -> minutes: 0, | O76: ="minutes: "&$B$13&"," -> minutes: 2, | P76: ="minutes: "&$B$5&"," -> minutes: 28, | Q76: ="minutes: "&$B$10&"," -> minutes: 88, | R76: ="minutes: "&$B$2&"," -> minutes: 7, | S76: ="minutes: "&$B$19&"," -> minutes: 76, | T76: ="minutes: "&$B$17&"," -> minutes: 70, | U76: ="minutes: "&$B$18&"," -> minutes: 0, | V76: ="minutes: "&$B$16&"," -> minutes: 56, | W76: ="minutes: "&$B$6&"," -> minutes: 2,
A77: ="totalActions: "&$Z$4&"," -> totalActions: 28, | B77: ="totalActions: "&$Z$15&"," -> totalActions: 24, | C77: ="totalActions: "&$Z$9&"," -> totalActions: 0, | D77: ="totalActions: "&$Z$24&"," -> totalActions: 45, | E77: ="totalActions: "&$Z$12&"," -> totalActions: 0, | F77: ="totalActions: "&$Z$22&"," -> totalActions: 51, | G77: ="totalActions: "&$Z$3&"," -> totalActions: 0, | H77: ="totalActions: "&$Z$7&"," -> totalActions: 31, | I77: ="totalActions: "&$Z$8&"," -> totalActions: 12, | J77: ="totalActions: "&$Z$23&"," -> totalActions: 0, | K77: ="totalActions: "&$Z$20&"," -> totalActions: 0, | L77: ="totalActions: "&$Z$14&"," -> totalActions: 12, | M77: ="totalActions: "&$Z$21&"," -> totalActions: 23, | N77: ="totalActions: "&$Z$11&"," -> totalActions: 0, | O77: ="totalActions: "&$Z$13&"," -> totalActions: 0, | P77: ="totalActions: "&$Z$5&"," -> totalActions: 11, | Q77: ="totalActions: "&$Z$10&"," -> totalActions: 19, | R77: ="totalActions: "&$Z$2&"," -> totalActions: 2, | S77: ="totalActions: "&$Z$19&"," -> totalActions: 16, | T77: ="totalActions: "&$Z$17&"," -> totalActions: 33, | U77: ="totalActions: "&$Z$18&"," -> totalActions: 0, | V77: ="totalActions: "&$Z$16&"," -> totalActions: 14, | W77: ="totalActions: "&$Z$6&"," -> totalActions: 2,
A78: ="actionsPerMinute: "&TEXT($AA$4,"0.00")&"," -> actionsPerMinute: 0.33, | B78: ="actionsPerMinute: "&TEXT($AA$15,"0.00")&"," -> actionsPerMinute: 0.27, | C78: ="actionsPerMinute: "&TEXT($AA$9,"0.00")&"," -> actionsPerMinute: 0.00, | D78: ="actionsPerMinute: "&TEXT($AA$24,"0.00")&"," -> actionsPerMinute: 0.51, | E78: ="actionsPerMinute: "&TEXT($AA$12,"0.00")&"," -> actionsPerMinute: 0.00, | F78: ="actionsPerMinute: "&TEXT($AA$22,"0.00")&"," -> actionsPerMinute: 0.57, | G78: ="actionsPerMinute: "&TEXT($AA$3,"0.00")&"," -> actionsPerMinute: 0.00, | H78: ="actionsPerMinute: "&TEXT($AA$7,"0.00")&"," -> actionsPerMinute: 0.34, | I78: ="actionsPerMinute: "&TEXT($AA$8,"0.00")&"," -> actionsPerMinute: 0.43, | J78: ="actionsPerMinute: "&TEXT($AA$23,"0.00")&"," -> actionsPerMinute: 0.00, | K78: ="actionsPerMinute: "&TEXT($AA$20,"0.00")&"," -> actionsPerMinute: 0.00, | L78: ="actionsPerMinute: "&TEXT($AA$14,"0.00")&"," -> actionsPerMinute: 0.44, | M78: ="actionsPerMinute: "&TEXT($AA$21,"0.00")&"," -> actionsPerMinute: 0.28, | N78: ="actionsPerMinute: "&TEXT($AA$11,"0.00")&"," -> actionsPerMinute: 0.00, | O78: ="actionsPerMinute: "&TEXT($AA$13,"0.00")&"," -> actionsPerMinute: 0.00, | P78: ="actionsPerMinute: "&TEXT($AA$5,"0.00")&"," -> actionsPerMinute: 0.39, | Q78: ="actionsPerMinute: "&TEXT($AA$10,"0.00")&"," -> actionsPerMinute: 0.22, | R78: ="actionsPerMinute: "&TEXT($AA$2,"0.00")&"," -> actionsPerMinute: 0.29, | S78: ="actionsPerMinute: "&TEXT($AA$19,"0.00")&"," -> actionsPerMinute: 0.21, | T78: ="actionsPerMinute: "&TEXT($AA$17,"0.00")&"," -> actionsPerMinute: 0.47, | U78: ="actionsPerMinute: "&TEXT($AA$18,"0.00")&"," -> actionsPerMinute: 0.00, | V78: ="actionsPerMinute: "&TEXT($AA$16,"0.00")&"," -> actionsPerMinute: 0.25, | W78: ="actionsPerMinute: "&TEXT($AA$6,"0.00")&"," -> actionsPerMinute: 1.00,
A80: attacking: { | B80: attacking: { | C80: attacking: { | D80: attacking: { | E80: attacking: { | F80: attacking: { | G80: attacking: { | H80: attacking: { | I80: attacking: { | J80: attacking: { | K80: attacking: { | L80: attacking: { | M80: attacking: { | N80: attacking: { | O80: attacking: { | P80: attacking: { | Q80: attacking: { | R80: attacking: { | S80: attacking: { | T80: attacking: { | U80: attacking: { | V80: attacking: { | W80: attacking: {
A81: ="totalActions: "&$N$4&"," -> totalActions: 14, | B81: ="totalActions: "&$N$15&"," -> totalActions: 4, | C81: ="totalActions: "&$N$9&"," -> totalActions: 0, | D81: ="totalActions: "&$N$24&"," -> totalActions: 17, | E81: ="totalActions: "&$N$12&"," -> totalActions: 0, | F81: ="totalActions: "&$N$22&"," -> totalActions: 5, | G81: ="totalActions: "&$N$3&"," -> totalActions: 0, | H81: ="totalActions: "&$N$7&"," -> totalActions: 8, | I81: ="totalActions: "&$N$8&"," -> totalActions: 4, | J81: ="totalActions: "&$N$23&"," -> totalActions: 0, | K81: ="totalActions: "&$N$20&"," -> totalActions: 0, | L81: ="totalActions: "&$N$14&"," -> totalActions: 4, | M81: ="totalActions: "&$N$21&"," -> totalActions: 3, | N81: ="totalActions: "&$N$11&"," -> totalActions: 0, | O81: ="totalActions: "&$N$13&"," -> totalActions: 0, | P81: ="totalActions: "&$N$5&"," -> totalActions: 3, | Q81: ="totalActions: "&$N$10&"," -> totalActions: 9, | R81: ="totalActions: "&$N$2&"," -> totalActions: 0, | S81: ="totalActions: "&$N$19&"," -> totalActions: 6, | T81: ="totalActions: "&$N$17&"," -> totalActions: 10, | U81: ="totalActions: "&$N$18&"," -> totalActions: 0, | V81: ="totalActions: "&$N$16&"," -> totalActions: 8, | W81: ="totalActions: "&$N$6&"," -> totalActions: 0,
A82: ="actionsPerMinute: "&TEXT($O$4,"0.00")&"," -> actionsPerMinute: 0.17, | B82: ="actionsPerMinute: "&TEXT($O$15,"0.00")&"," -> actionsPerMinute: 0.04, | C82: ="actionsPerMinute: "&TEXT($O$9,"0.00")&"," -> actionsPerMinute: 0.00, | D82: ="actionsPerMinute: "&TEXT($O$24,"0.00")&"," -> actionsPerMinute: 0.19, | E82: ="actionsPerMinute: "&TEXT($O$12,"0.00")&"," -> actionsPerMinute: 0.00, | F82: ="actionsPerMinute: "&TEXT($O$22,"0.00")&"," -> actionsPerMinute: 0.06, | G82: ="actionsPerMinute: "&TEXT($O$3,"0.00")&"," -> actionsPerMinute: 0.00, | H82: ="actionsPerMinute: "&TEXT($O$7,"0.00")&"," -> actionsPerMinute: 0.09, | I82: ="actionsPerMinute: "&TEXT($O$8,"0.00")&"," -> actionsPerMinute: 0.14, | J82: ="actionsPerMinute: "&TEXT($O$23,"0.00")&"," -> actionsPerMinute: 0.00, | K82: ="actionsPerMinute: "&TEXT($O$20,"0.00")&"," -> actionsPerMinute: 0.00, | L82: ="actionsPerMinute: "&TEXT($O$14,"0.00")&"," -> actionsPerMinute: 0.15, | M82: ="actionsPerMinute: "&TEXT($O$21,"0.00")&"," -> actionsPerMinute: 0.04, | N82: ="actionsPerMinute: "&TEXT($O$11,"0.00")&"," -> actionsPerMinute: 0.00, | O82: ="actionsPerMinute: "&TEXT($O$13,"0.00")&"," -> actionsPerMinute: 0.00, | P82: ="actionsPerMinute: "&TEXT($O$5,"0.00")&"," -> actionsPerMinute: 0.11, | Q82: ="actionsPerMinute: "&TEXT($O$10,"0.00")&"," -> actionsPerMinute: 0.10, | R82: ="actionsPerMinute: "&TEXT($O$2,"0.00")&"," -> actionsPerMinute: 0.00, | S82: ="actionsPerMinute: "&TEXT($O$19,"0.00")&"," -> actionsPerMinute: 0.08, | T82: ="actionsPerMinute: "&TEXT($O$17,"0.00")&"," -> actionsPerMinute: 0.14, | U82: ="actionsPerMinute: "&TEXT($O$18,"0.00")&"," -> actionsPerMinute: 0.00, | V82: ="actionsPerMinute: "&TEXT($O$16,"0.00")&"," -> actionsPerMinute: 0.14, | W82: ="actionsPerMinute: "&TEXT($O$6,"0.00")&"," -> actionsPerMinute: 0.00,
A83: ="goals: "&$C$4&"," -> goals: 1, | B83: ="goals: "&$C$15&"," -> goals: 0, | C83: ="goals: "&$C$9&"," -> goals: 0, | D83: ="goals: "&$C$24&"," -> goals: 0, | E83: ="goals: "&$C$12&"," -> goals: 0, | F83: ="goals: "&$C$22&"," -> goals: 0, | G83: ="goals: "&$C$3&"," -> goals: 0, | H83: ="goals: "&$C$7&"," -> goals: 0, | I83: ="goals: "&$C$8&"," -> goals: 0, | J83: ="goals: "&$C$23&"," -> goals: 0, | K83: ="goals: "&$C$20&"," -> goals: 0, | L83: ="goals: "&$C$14&"," -> goals: 0, | M83: ="goals: "&$C$21&"," -> goals: 0, | N83: ="goals: "&$C$11&"," -> goals: 0, | O83: ="goals: "&$C$13&"," -> goals: 0, | P83: ="goals: "&$C$5&"," -> goals: 0, | Q83: ="goals: "&$C$10&"," -> goals: 1, | R83: ="goals: "&$C$2&"," -> goals: 0, | S83: ="goals: "&$C$19&"," -> goals: 1, | T83: ="goals: "&$C$17&"," -> goals: 0, | U83: ="goals: "&$C$18&"," -> goals: 0, | V83: ="goals: "&$C$16&"," -> goals: 0, | W83: ="goals: "&$C$6&"," -> goals: 0,
A84: ="assists: "&$D$4&"," -> assists: 0, | B84: ="assists: "&$D$15&"," -> assists: 0, | C84: ="assists: "&$D$9&"," -> assists: 0, | D84: ="assists: "&$D$24&"," -> assists: 1, | E84: ="assists: "&$D$12&"," -> assists: 0, | F84: ="assists: "&$D$22&"," -> assists: 0, | G84: ="assists: "&$D$3&"," -> assists: 0, | H84: ="assists: "&$D$7&"," -> assists: 0, | I84: ="assists: "&$D$8&"," -> assists: 0, | J84: ="assists: "&$D$23&"," -> assists: 0, | K84: ="assists: "&$D$20&"," -> assists: 0, | L84: ="assists: "&$D$14&"," -> assists: 1, | M84: ="assists: "&$D$21&"," -> assists: 0, | N84: ="assists: "&$D$11&"," -> assists: 0, | O84: ="assists: "&$D$13&"," -> assists: 0, | P84: ="assists: "&$D$5&"," -> assists: 0, | Q84: ="assists: "&$D$10&"," -> assists: 0, | R84: ="assists: "&$D$2&"," -> assists: 0, | S84: ="assists: "&$D$19&"," -> assists: 0, | T84: ="assists: "&$D$17&"," -> assists: 0, | U84: ="assists: "&$D$18&"," -> assists: 0, | V84: ="assists: "&$D$16&"," -> assists: 0, | W84: ="assists: "&$D$6&"," -> assists: 0,
A85: ="keyPasses: "&$E$4&"," -> keyPasses: 1, | B85: ="keyPasses: "&$E$15&"," -> keyPasses: 1, | C85: ="keyPasses: "&$E$9&"," -> keyPasses: 0, | D85: ="keyPasses: "&$E$24&"," -> keyPasses: 3, | E85: ="keyPasses: "&$E$12&"," -> keyPasses: 0, | F85: ="keyPasses: "&$E$22&"," -> keyPasses: 0, | G85: ="keyPasses: "&$E$3&"," -> keyPasses: 0, | H85: ="keyPasses: "&$E$7&"," -> keyPasses: 2, | I85: ="keyPasses: "&$E$8&"," -> keyPasses: 1, | J85: ="keyPasses: "&$E$23&"," -> keyPasses: 0, | K85: ="keyPasses: "&$E$20&"," -> keyPasses: 0, | L85: ="keyPasses: "&$E$14&"," -> keyPasses: 0, | M85: ="keyPasses: "&$E$21&"," -> keyPasses: 0, | N85: ="keyPasses: "&$E$11&"," -> keyPasses: 0, | O85: ="keyPasses: "&$E$13&"," -> keyPasses: 0, | P85: ="keyPasses: "&$E$5&"," -> keyPasses: 1, | Q85: ="keyPasses: "&$E$10&"," -> keyPasses: 0, | R85: ="keyPasses: "&$E$2&"," -> keyPasses: 0, | S85: ="keyPasses: "&$E$19&"," -> keyPasses: 0, | T85: ="keyPasses: "&$E$17&"," -> keyPasses: 1, | U85: ="keyPasses: "&$E$18&"," -> keyPasses: 0, | V85: ="keyPasses: "&$E$16&"," -> keyPasses: 1, | W85: ="keyPasses: "&$E$6&"," -> keyPasses: 0,
A86: ="outplayFwd: "&$G$4&"," -> outplayFwd: 0, | B86: ="outplayFwd: "&$G$15&"," -> outplayFwd: 1, | C86: ="outplayFwd: "&$G$9&"," -> outplayFwd: 0, | D86: ="outplayFwd: "&$G$24&"," -> outplayFwd: 0, | E86: ="outplayFwd: "&$G$12&"," -> outplayFwd: 0, | F86: ="outplayFwd: "&$G$22&"," -> outplayFwd: 1, | G86: ="outplayFwd: "&$G$3&"," -> outplayFwd: 0, | H86: ="outplayFwd: "&$G$7&"," -> outplayFwd: 0, | I86: ="outplayFwd: "&$G$8&"," -> outplayFwd: 1, | J86: ="outplayFwd: "&$G$23&"," -> outplayFwd: 0, | K86: ="outplayFwd: "&$G$20&"," -> outplayFwd: 0, | L86: ="outplayFwd: "&$G$14&"," -> outplayFwd: 0, | M86: ="outplayFwd: "&$G$21&"," -> outplayFwd: 0, | N86: ="outplayFwd: "&$G$11&"," -> outplayFwd: 0, | O86: ="outplayFwd: "&$G$13&"," -> outplayFwd: 0, | P86: ="outplayFwd: "&$G$5&"," -> outplayFwd: 0, | Q86: ="outplayFwd: "&$G$10&"," -> outplayFwd: 0, | R86: ="outplayFwd: "&$G$2&"," -> outplayFwd: 0, | S86: ="outplayFwd: "&$G$19&"," -> outplayFwd: 0, | T86: ="outplayFwd: "&$G$17&"," -> outplayFwd: 0, | U86: ="outplayFwd: "&$G$18&"," -> outplayFwd: 0, | V86: ="outplayFwd: "&$G$16&"," -> outplayFwd: 0, | W86: ="outplayFwd: "&$G$6&"," -> outplayFwd: 0,
A87: ="effectiveCrosses: "&$H$4&"," -> effectiveCrosses: 1, | B87: ="effectiveCrosses: "&$H$15&"," -> effectiveCrosses: 0, | C87: ="effectiveCrosses: "&$H$9&"," -> effectiveCrosses: 0, | D87: ="effectiveCrosses: "&$H$24&"," -> effectiveCrosses: 0, | E87: ="effectiveCrosses: "&$H$12&"," -> effectiveCrosses: 0, | F87: ="effectiveCrosses: "&$H$22&"," -> effectiveCrosses: 0, | G87: ="effectiveCrosses: "&$H$3&"," -> effectiveCrosses: 0, | H87: ="effectiveCrosses: "&$H$7&"," -> effectiveCrosses: 1, | I87: ="effectiveCrosses: "&$H$8&"," -> effectiveCrosses: 0, | J87: ="effectiveCrosses: "&$H$23&"," -> effectiveCrosses: 0, | K87: ="effectiveCrosses: "&$H$20&"," -> effectiveCrosses: 0, | L87: ="effectiveCrosses: "&$H$14&"," -> effectiveCrosses: 0, | M87: ="effectiveCrosses: "&$H$21&"," -> effectiveCrosses: 0, | N87: ="effectiveCrosses: "&$H$11&"," -> effectiveCrosses: 0, | O87: ="effectiveCrosses: "&$H$13&"," -> effectiveCrosses: 0, | P87: ="effectiveCrosses: "&$H$5&"," -> effectiveCrosses: 0, | Q87: ="effectiveCrosses: "&$H$10&"," -> effectiveCrosses: 1, | R87: ="effectiveCrosses: "&$H$2&"," -> effectiveCrosses: 0, | S87: ="effectiveCrosses: "&$H$19&"," -> effectiveCrosses: 0, | T87: ="effectiveCrosses: "&$H$17&"," -> effectiveCrosses: 0, | U87: ="effectiveCrosses: "&$H$18&"," -> effectiveCrosses: 0, | V87: ="effectiveCrosses: "&$H$16&"," -> effectiveCrosses: 0, | W87: ="effectiveCrosses: "&$H$6&"," -> effectiveCrosses: 0,
A88: ="oneVOnes: "&$I$4&"," -> oneVOnes: 0, | B88: ="oneVOnes: "&$I$15&"," -> oneVOnes: 0, | C88: ="oneVOnes: "&$I$9&"," -> oneVOnes: 0, | D88: ="oneVOnes: "&$I$24&"," -> oneVOnes: 3, | E88: ="oneVOnes: "&$I$12&"," -> oneVOnes: 0, | F88: ="oneVOnes: "&$I$22&"," -> oneVOnes: 0, | G88: ="oneVOnes: "&$I$3&"," -> oneVOnes: 0, | H88: ="oneVOnes: "&$I$7&"," -> oneVOnes: 0, | I88: ="oneVOnes: "&$I$8&"," -> oneVOnes: 0, | J88: ="oneVOnes: "&$I$23&"," -> oneVOnes: 0, | K88: ="oneVOnes: "&$I$20&"," -> oneVOnes: 0, | L88: ="oneVOnes: "&$I$14&"," -> oneVOnes: 0, | M88: ="oneVOnes: "&$I$21&"," -> oneVOnes: 2, | N88: ="oneVOnes: "&$I$11&"," -> oneVOnes: 0, | O88: ="oneVOnes: "&$I$13&"," -> oneVOnes: 0, | P88: ="oneVOnes: "&$I$5&"," -> oneVOnes: 0, | Q88: ="oneVOnes: "&$I$10&"," -> oneVOnes: 2, | R88: ="oneVOnes: "&$I$2&"," -> oneVOnes: 0, | S88: ="oneVOnes: "&$I$19&"," -> oneVOnes: 3, | T88: ="oneVOnes: "&$I$17&"," -> oneVOnes: 0, | U88: ="oneVOnes: "&$I$18&"," -> oneVOnes: 0, | V88: ="oneVOnes: "&$I$16&"," -> oneVOnes: 2, | W88: ="oneVOnes: "&$I$6&"," -> oneVOnes: 0,
A89: ="headers: "&$J$4&"," -> headers: 6, | B89: ="headers: "&$J$15&"," -> headers: 0, | C89: ="headers: "&$J$9&"," -> headers: 0, | D89: ="headers: "&$J$24&"," -> headers: 0, | E89: ="headers: "&$J$12&"," -> headers: 0, | F89: ="headers: "&$J$22&"," -> headers: 0, | G89: ="headers: "&$J$3&"," -> headers: 0, | H89: ="headers: "&$J$7&"," -> headers: 0, | I89: ="headers: "&$J$8&"," -> headers: 0, | J89: ="headers: "&$J$23&"," -> headers: 0, | K89: ="headers: "&$J$20&"," -> headers: 0, | L89: ="headers: "&$J$14&"," -> headers: 0, | M89: ="headers: "&$J$21&"," -> headers: 1, | N89: ="headers: "&$J$11&"," -> headers: 0, | O89: ="headers: "&$J$13&"," -> headers: 0, | P89: ="headers: "&$J$5&"," -> headers: 1, | Q89: ="headers: "&$J$10&"," -> headers: 2, | R89: ="headers: "&$J$2&"," -> headers: 0, | S89: ="headers: "&$J$19&"," -> headers: 0, | T89: ="headers: "&$J$17&"," -> headers: 1, | U89: ="headers: "&$J$18&"," -> headers: 0, | V89: ="headers: "&$J$16&"," -> headers: 1, | W89: ="headers: "&$J$6&"," -> headers: 0,
A90: ="spEarned: "&$K$4&"," -> spEarned: 2, | B90: ="spEarned: "&$K$15&"," -> spEarned: 0, | C90: ="spEarned: "&$K$9&"," -> spEarned: 0, | D90: ="spEarned: "&$K$24&"," -> spEarned: 0, | E90: ="spEarned: "&$K$12&"," -> spEarned: 0, | F90: ="spEarned: "&$K$22&"," -> spEarned: 1, | G90: ="spEarned: "&$K$3&"," -> spEarned: 0, | H90: ="spEarned: "&$K$7&"," -> spEarned: 0, | I90: ="spEarned: "&$K$8&"," -> spEarned: 0, | J90: ="spEarned: "&$K$23&"," -> spEarned: 0, | K90: ="spEarned: "&$K$20&"," -> spEarned: 0, | L90: ="spEarned: "&$K$14&"," -> spEarned: 0, | M90: ="spEarned: "&$K$21&"," -> spEarned: 0, | N90: ="spEarned: "&$K$11&"," -> spEarned: 0, | O90: ="spEarned: "&$K$13&"," -> spEarned: 0, | P90: ="spEarned: "&$K$5&"," -> spEarned: 1, | Q90: ="spEarned: "&$K$10&"," -> spEarned: 0, | R90: ="spEarned: "&$K$2&"," -> spEarned: 0, | S90: ="spEarned: "&$K$19&"," -> spEarned: 0, | T90: ="spEarned: "&$K$17&"," -> spEarned: 0, | U90: ="spEarned: "&$K$18&"," -> spEarned: 0, | V90: ="spEarned: "&$K$16&"," -> spEarned: 2, | W90: ="spEarned: "&$K$6&"," -> spEarned: 0,
A91: ="onTargetShots: "&$M$4&"," -> onTargetShots: 0, | B91: ="onTargetShots: "&$M$15&"," -> onTargetShots: 0, | C91: ="onTargetShots: "&$M$9&"," -> onTargetShots: 0, | D91: ="onTargetShots: "&$M$24&"," -> onTargetShots: 0, | E91: ="onTargetShots: "&$M$12&"," -> onTargetShots: 0, | F91: ="onTargetShots: "&$M$22&"," -> onTargetShots: 0, | G91: ="onTargetShots: "&$M$3&"," -> onTargetShots: 0, | H91: ="onTargetShots: "&$M$7&"," -> onTargetShots: 0, | I91: ="onTargetShots: "&$M$8&"," -> onTargetShots: 0, | J91: ="onTargetShots: "&$M$23&"," -> onTargetShots: 0, | K91: ="onTargetShots: "&$M$20&"," -> onTargetShots: 0, | L91: ="onTargetShots: "&$M$14&"," -> onTargetShots: 0, | M91: ="onTargetShots: "&$M$21&"," -> onTargetShots: 0, | N91: ="onTargetShots: "&$M$11&"," -> onTargetShots: 0, | O91: ="onTargetShots: "&$M$13&"," -> onTargetShots: 0, | P91: ="onTargetShots: "&$M$5&"," -> onTargetShots: 0, | Q91: ="onTargetShots: "&$M$10&"," -> onTargetShots: 2, | R91: ="onTargetShots: "&$M$2&"," -> onTargetShots: 0, | S91: ="onTargetShots: "&$M$19&"," -> onTargetShots: 1, | T91: ="onTargetShots: "&$M$17&"," -> onTargetShots: 0, | U91: ="onTargetShots: "&$M$18&"," -> onTargetShots: 0, | V91: ="onTargetShots: "&$M$16&"," -> onTargetShots: 0, | W91: ="onTargetShots: "&$M$6&"," -> onTargetShots: 0,
A92: ="offTargetShots: "&$L$4&"," -> offTargetShots: 0, | B92: ="offTargetShots: "&$L$15&"," -> offTargetShots: 0, | C92: ="offTargetShots: "&$L$9&"," -> offTargetShots: 0, | D92: ="offTargetShots: "&$L$24&"," -> offTargetShots: 3, | E92: ="offTargetShots: "&$L$12&"," -> offTargetShots: 0, | F92: ="offTargetShots: "&$L$22&"," -> offTargetShots: 0, | G92: ="offTargetShots: "&$L$3&"," -> offTargetShots: 0, | H92: ="offTargetShots: "&$L$7&"," -> offTargetShots: 0, | I92: ="offTargetShots: "&$L$8&"," -> offTargetShots: 1, | J92: ="offTargetShots: "&$L$23&"," -> offTargetShots: 0, | K92: ="offTargetShots: "&$L$20&"," -> offTargetShots: 0, | L92: ="offTargetShots: "&$L$14&"," -> offTargetShots: 0, | M92: ="offTargetShots: "&$L$21&"," -> offTargetShots: 0, | N92: ="offTargetShots: "&$L$11&"," -> offTargetShots: 0, | O92: ="offTargetShots: "&$L$13&"," -> offTargetShots: 0, | P92: ="offTargetShots: "&$L$5&"," -> offTargetShots: 0, | Q92: ="offTargetShots: "&$L$10&"," -> offTargetShots: 0, | R92: ="offTargetShots: "&$L$2&"," -> offTargetShots: 0, | S92: ="offTargetShots: "&$L$19&"," -> offTargetShots: 0, | T92: ="offTargetShots: "&$L$17&"," -> offTargetShots: 0, | U92: ="offTargetShots: "&$L$18&"," -> offTargetShots: 0, | V92: ="offTargetShots: "&$L$16&"," -> offTargetShots: 0, | W92: ="offTargetShots: "&$L$6&"," -> offTargetShots: 0,
A93: }, | B93: }, | C93: }, | D93: }, | E93: }, | F93: }, | G93: }, | H93: }, | I93: }, | J93: }, | K93: }, | L93: }, | M93: }, | N93: }, | O93: }, | P93: }, | Q93: }, | R93: }, | S93: }, | T93: }, | U93: }, | V93: }, | W93: },
A95: defending: { | B95: defending: { | C95: defending: { | D95: defending: { | E95: defending: { | F95: defending: { | G95: defending: { | H95: defending: { | I95: defending: { | J95: defending: { | K95: defending: { | L95: defending: { | M95: defending: { | N95: defending: { | O95: defending: { | P95: defending: { | Q95: defending: { | R95: defending: { | S95: defending: { | T95: defending: { | U95: defending: { | V95: defending: { | W95: defending: {
A96: ="totalActions: "&$X$4&"," -> totalActions: 14, | B96: ="totalActions: "&$X$15&"," -> totalActions: 20, | C96: ="totalActions: "&$X$9&"," -> totalActions: 0, | D96: ="totalActions: "&$X$24&"," -> totalActions: 28, | E96: ="totalActions: "&$X$12&"," -> totalActions: 0, | F96: ="totalActions: "&$X$22&"," -> totalActions: 46, | G96: ="totalActions: "&$X$3&"," -> totalActions: 0, | H96: ="totalActions: "&$X$7&"," -> totalActions: 23, | I96: ="totalActions: "&$X$8&"," -> totalActions: 8, | J96: ="totalActions: "&$X$23&"," -> totalActions: 0, | K96: ="totalActions: "&$X$20&"," -> totalActions: 0, | L96: ="totalActions: "&$X$14&"," -> totalActions: 8, | M96: ="totalActions: "&$X$21&"," -> totalActions: 20, | N96: ="totalActions: "&$X$11&"," -> totalActions: 0, | O96: ="totalActions: "&$X$13&"," -> totalActions: 0, | P96: ="totalActions: "&$X$5&"," -> totalActions: 8, | Q96: ="totalActions: "&$X$10&"," -> totalActions: 10, | R96: ="totalActions: "&$X$2&"," -> totalActions: 2, | S96: ="totalActions: "&$X$19&"," -> totalActions: 10, | T96: ="totalActions: "&$X$17&"," -> totalActions: 23, | U96: ="totalActions: "&$X$18&"," -> totalActions: 0, | V96: ="totalActions: "&$X$16&"," -> totalActions: 6, | W96: ="totalActions: "&$X$6&"," -> totalActions: 2,
A97: ="actionsPerMinute: "&TEXT($Y$4,"0.00")&"," -> actionsPerMinute: 0.17, | B97: ="actionsPerMinute: "&TEXT($Y$15,"0.00")&"," -> actionsPerMinute: 0.22, | C97: ="actionsPerMinute: "&TEXT($Y$9,"0.00")&"," -> actionsPerMinute: 0.00, | D97: ="actionsPerMinute: "&TEXT($Y$24,"0.00")&"," -> actionsPerMinute: 0.32, | E97: ="actionsPerMinute: "&TEXT($Y$12,"0.00")&"," -> actionsPerMinute: 0.00, | F97: ="actionsPerMinute: "&TEXT($Y$22,"0.00")&"," -> actionsPerMinute: 0.51, | G97: ="actionsPerMinute: "&TEXT($Y$3,"0.00")&"," -> actionsPerMinute: 0.00, | H97: ="actionsPerMinute: "&TEXT($Y$7,"0.00")&"," -> actionsPerMinute: 0.26, | I97: ="actionsPerMinute: "&TEXT($Y$8,"0.00")&"," -> actionsPerMinute: 0.29, | J97: ="actionsPerMinute: "&TEXT($Y$23,"0.00")&"," -> actionsPerMinute: 0.00, | K97: ="actionsPerMinute: "&TEXT($Y$20,"0.00")&"," -> actionsPerMinute: 0.00, | L97: ="actionsPerMinute: "&TEXT($Y$14,"0.00")&"," -> actionsPerMinute: 0.30, | M97: ="actionsPerMinute: "&TEXT($Y$21,"0.00")&"," -> actionsPerMinute: 0.24, | N97: ="actionsPerMinute: "&TEXT($Y$11,"0.00")&"," -> actionsPerMinute: 0.00, | O97: ="actionsPerMinute: "&TEXT($Y$13,"0.00")&"," -> actionsPerMinute: 0.00, | P97: ="actionsPerMinute: "&TEXT($Y$5,"0.00")&"," -> actionsPerMinute: 0.29, | Q97: ="actionsPerMinute: "&TEXT($Y$10,"0.00")&"," -> actionsPerMinute: 0.11, | R97: ="actionsPerMinute: "&TEXT($Y$2,"0.00")&"," -> actionsPerMinute: 0.29, | S97: ="actionsPerMinute: "&TEXT($Y$19,"0.00")&"," -> actionsPerMinute: 0.13, | T97: ="actionsPerMinute: "&TEXT($Y$17,"0.00")&"," -> actionsPerMinute: 0.33, | U97: ="actionsPerMinute: "&TEXT($Y$18,"0.00")&"," -> actionsPerMinute: 0.00, | V97: ="actionsPerMinute: "&TEXT($Y$16,"0.00")&"," -> actionsPerMinute: 0.11, | W97: ="actionsPerMinute: "&TEXT($Y$6,"0.00")&"," -> actionsPerMinute: 1.00,
A98: ="tackles: "&$P$4&"," -> tackles: 2, | B98: ="tackles: "&$P$15&"," -> tackles: 3, | C98: ="tackles: "&$P$9&"," -> tackles: 0, | D98: ="tackles: "&$P$24&"," -> tackles: 5, | E98: ="tackles: "&$P$12&"," -> tackles: 0, | F98: ="tackles: "&$P$22&"," -> tackles: 6, | G98: ="tackles: "&$P$3&"," -> tackles: 0, | H98: ="tackles: "&$P$7&"," -> tackles: 1, | I98: ="tackles: "&$P$8&"," -> tackles: 2, | J98: ="tackles: "&$P$23&"," -> tackles: 0, | K98: ="tackles: "&$P$20&"," -> tackles: 0, | L98: ="tackles: "&$P$14&"," -> tackles: 2, | M98: ="tackles: "&$P$21&"," -> tackles: 3, | N98: ="tackles: "&$P$11&"," -> tackles: 0, | O98: ="tackles: "&$P$13&"," -> tackles: 0, | P98: ="tackles: "&$P$5&"," -> tackles: 1, | Q98: ="tackles: "&$P$10&"," -> tackles: 1, | R98: ="tackles: "&$P$2&"," -> tackles: 1, | S98: ="tackles: "&$P$19&"," -> tackles: 4, | T98: ="tackles: "&$P$17&"," -> tackles: 4, | U98: ="tackles: "&$P$18&"," -> tackles: 0, | V98: ="tackles: "&$P$16&"," -> tackles: 3, | W98: ="tackles: "&$P$6&"," -> tackles: 0,
A99: ="interceptions: "&$Q$4&"," -> interceptions: 1, | B99: ="interceptions: "&$Q$15&"," -> interceptions: 4, | C99: ="interceptions: "&$Q$9&"," -> interceptions: 0, | D99: ="interceptions: "&$Q$24&"," -> interceptions: 6, | E99: ="interceptions: "&$Q$12&"," -> interceptions: 0, | F99: ="interceptions: "&$Q$22&"," -> interceptions: 5, | G99: ="interceptions: "&$Q$3&"," -> interceptions: 0, | H99: ="interceptions: "&$Q$7&"," -> interceptions: 5, | I99: ="interceptions: "&$Q$8&"," -> interceptions: 1, | J99: ="interceptions: "&$Q$23&"," -> interceptions: 0, | K99: ="interceptions: "&$Q$20&"," -> interceptions: 0, | L99: ="interceptions: "&$Q$14&"," -> interceptions: 3, | M99: ="interceptions: "&$Q$21&"," -> interceptions: 2, | N99: ="interceptions: "&$Q$11&"," -> interceptions: 0, | O99: ="interceptions: "&$Q$13&"," -> interceptions: 0, | P99: ="interceptions: "&$Q$5&"," -> interceptions: 0, | Q99: ="interceptions: "&$Q$10&"," -> interceptions: 0, | R99: ="interceptions: "&$Q$2&"," -> interceptions: 0, | S99: ="interceptions: "&$Q$19&"," -> interceptions: 2, | T99: ="interceptions: "&$Q$17&"," -> interceptions: 9, | U99: ="interceptions: "&$Q$18&"," -> interceptions: 0, | V99: ="interceptions: "&$Q$16&"," -> interceptions: 1, | W99: ="interceptions: "&$Q$6&"," -> interceptions: 1,
A100: ="fhRegains: "&$R$4&"," -> fhRegains: 0, | B100: ="fhRegains: "&$R$15&"," -> fhRegains: 0, | C100: ="fhRegains: "&$R$9&"," -> fhRegains: 0, | D100: ="fhRegains: "&$R$24&"," -> fhRegains: 3, | E100: ="fhRegains: "&$R$12&"," -> fhRegains: 0, | F100: ="fhRegains: "&$R$22&"," -> fhRegains: 0, | G100: ="fhRegains: "&$R$3&"," -> fhRegains: 0, | H100: ="fhRegains: "&$R$7&"," -> fhRegains: 2, | I100: ="fhRegains: "&$R$8&"," -> fhRegains: 1, | J100: ="fhRegains: "&$R$23&"," -> fhRegains: 0, | K100: ="fhRegains: "&$R$20&"," -> fhRegains: 0, | L100: ="fhRegains: "&$R$14&"," -> fhRegains: 1, | M100: ="fhRegains: "&$R$21&"," -> fhRegains: 1, | N100: ="fhRegains: "&$R$11&"," -> fhRegains: 0, | O100: ="fhRegains: "&$R$13&"," -> fhRegains: 0, | P100: ="fhRegains: "&$R$5&"," -> fhRegains: 0, | Q100: ="fhRegains: "&$R$10&"," -> fhRegains: 1, | R100: ="fhRegains: "&$R$2&"," -> fhRegains: 0, | S100: ="fhRegains: "&$R$19&"," -> fhRegains: 0, | T100: ="fhRegains: "&$R$17&"," -> fhRegains: 0, | U100: ="fhRegains: "&$R$18&"," -> fhRegains: 0, | V100: ="fhRegains: "&$R$16&"," -> fhRegains: 0, | W100: ="fhRegains: "&$R$6&"," -> fhRegains: 0,
A101: ="blocks: "&$S$4&"," -> blocks: 1, | B101: ="blocks: "&$S$15&"," -> blocks: 2, | C101: ="blocks: "&$S$9&"," -> blocks: 0, | D101: ="blocks: "&$S$24&"," -> blocks: 2, | E101: ="blocks: "&$S$12&"," -> blocks: 0, | F101: ="blocks: "&$S$22&"," -> blocks: 3, | G101: ="blocks: "&$S$3&"," -> blocks: 0, | H101: ="blocks: "&$S$7&"," -> blocks: 2, | I101: ="blocks: "&$S$8&"," -> blocks: 1, | J101: ="blocks: "&$S$23&"," -> blocks: 0, | K101: ="blocks: "&$S$20&"," -> blocks: 0, | L101: ="blocks: "&$S$14&"," -> blocks: 0, | M101: ="blocks: "&$S$21&"," -> blocks: 1, | N101: ="blocks: "&$S$11&"," -> blocks: 0, | O101: ="blocks: "&$S$13&"," -> blocks: 0, | P101: ="blocks: "&$S$5&"," -> blocks: 0, | Q101: ="blocks: "&$S$10&"," -> blocks: 1, | R101: ="blocks: "&$S$2&"," -> blocks: 0, | S101: ="blocks: "&$S$19&"," -> blocks: 0, | T101: ="blocks: "&$S$17&"," -> blocks: 0, | U101: ="blocks: "&$S$18&"," -> blocks: 0, | V101: ="blocks: "&$S$16&"," -> blocks: 0, | W101: ="blocks: "&$S$6&"," -> blocks: 0,
A102: ="clearances: "&$T$4&"," -> clearances: 2, | B102: ="clearances: "&$T$15&"," -> clearances: 3, | C102: ="clearances: "&$T$9&"," -> clearances: 0, | D102: ="clearances: "&$T$24&"," -> clearances: 2, | E102: ="clearances: "&$T$12&"," -> clearances: 0, | F102: ="clearances: "&$T$22&"," -> clearances: 8, | G102: ="clearances: "&$T$3&"," -> clearances: 0, | H102: ="clearances: "&$T$7&"," -> clearances: 2, | I102: ="clearances: "&$T$8&"," -> clearances: 0, | J102: ="clearances: "&$T$23&"," -> clearances: 0, | K102: ="clearances: "&$T$20&"," -> clearances: 0, | L102: ="clearances: "&$T$14&"," -> clearances: 1, | M102: ="clearances: "&$T$21&"," -> clearances: 0, | N102: ="clearances: "&$T$11&"," -> clearances: 0, | O102: ="clearances: "&$T$13&"," -> clearances: 0, | P102: ="clearances: "&$T$5&"," -> clearances: 1, | Q102: ="clearances: "&$T$10&"," -> clearances: 4, | R102: ="clearances: "&$T$2&"," -> clearances: 0, | S102: ="clearances: "&$T$19&"," -> clearances: 2, | T102: ="clearances: "&$T$17&"," -> clearances: 3, | U102: ="clearances: "&$T$18&"," -> clearances: 0, | V102: ="clearances: "&$T$16&"," -> clearances: 0, | W102: ="clearances: "&$T$6&"," -> clearances: 0,
A103: ="separations: "&$U$4&"," -> separations: 0, | B103: ="separations: "&$U$15&"," -> separations: 0, | C103: ="separations: "&$U$9&"," -> separations: 0, | D103: ="separations: "&$U$24&"," -> separations: 3, | E103: ="separations: "&$U$12&"," -> separations: 0, | F103: ="separations: "&$U$22&"," -> separations: 3, | G103: ="separations: "&$U$3&"," -> separations: 0, | H103: ="separations: "&$U$7&"," -> separations: 0, | I103: ="separations: "&$U$8&"," -> separations: 0, | J103: ="separations: "&$U$23&"," -> separations: 0, | K103: ="separations: "&$U$20&"," -> separations: 0, | L103: ="separations: "&$U$14&"," -> separations: 1, | M103: ="separations: "&$U$21&"," -> separations: 0, | N103: ="separations: "&$U$11&"," -> separations: 0, | O103: ="separations: "&$U$13&"," -> separations: 0, | P103: ="separations: "&$U$5&"," -> separations: 3, | Q103: ="separations: "&$U$10&"," -> separations: 0, | R103: ="separations: "&$U$2&"," -> separations: 0, | S103: ="separations: "&$U$19&"," -> separations: 0, | T103: ="separations: "&$U$17&"," -> separations: 0, | U103: ="separations: "&$U$18&"," -> separations: 0, | V103: ="separations: "&$U$16&"," -> separations: 0, | W103: ="separations: "&$U$6&"," -> separations: 0,
A104: ="headers: "&$V$4&"," -> headers: 2, | B104: ="headers: "&$V$15&"," -> headers: 4, | C104: ="headers: "&$V$9&"," -> headers: 0, | D104: ="headers: "&$V$24&"," -> headers: 0, | E104: ="headers: "&$V$12&"," -> headers: 0, | F104: ="headers: "&$V$22&"," -> headers: 20, | G104: ="headers: "&$V$3&"," -> headers: 0, | H104: ="headers: "&$V$7&"," -> headers: 8, | I104: ="headers: "&$V$8&"," -> headers: 2, | J104: ="headers: "&$V$23&"," -> headers: 0, | K104: ="headers: "&$V$20&"," -> headers: 0, | L104: ="headers: "&$V$14&"," -> headers: 0, | M104: ="headers: "&$V$21&"," -> headers: 2, | N104: ="headers: "&$V$11&"," -> headers: 0, | O104: ="headers: "&$V$13&"," -> headers: 0, | P104: ="headers: "&$V$5&"," -> headers: 0, | Q104: ="headers: "&$V$10&"," -> headers: 0, | R104: ="headers: "&$V$2&"," -> headers: 0, | S104: ="headers: "&$V$19&"," -> headers: 0, | T104: ="headers: "&$V$17&"," -> headers: 3, | U104: ="headers: "&$V$18&"," -> headers: 0, | V104: ="headers: "&$V$16&"," -> headers: 0, | W104: ="headers: "&$V$6&"," -> headers: 0,
A105: ="stopForwardCA: "&$W$4&"," -> stopForwardCA: 6, | B105: ="stopForwardCA: "&$W$15&"," -> stopForwardCA: 4, | C105: ="stopForwardCA: "&$W$9&"," -> stopForwardCA: 0, | D105: ="stopForwardCA: "&$W$24&"," -> stopForwardCA: 7, | E105: ="stopForwardCA: "&$W$12&"," -> stopForwardCA: 0, | F105: ="stopForwardCA: "&$W$22&"," -> stopForwardCA: 1, | G105: ="stopForwardCA: "&$W$3&"," -> stopForwardCA: 0, | H105: ="stopForwardCA: "&$W$7&"," -> stopForwardCA: 3, | I105: ="stopForwardCA: "&$W$8&"," -> stopForwardCA: 1, | J105: ="stopForwardCA: "&$W$23&"," -> stopForwardCA: 0, | K105: ="stopForwardCA: "&$W$20&"," -> stopForwardCA: 0, | L105: ="stopForwardCA: "&$W$14&"," -> stopForwardCA: 0, | M105: ="stopForwardCA: "&$W$21&"," -> stopForwardCA: 11, | N105: ="stopForwardCA: "&$W$11&"," -> stopForwardCA: 0, | O105: ="stopForwardCA: "&$W$13&"," -> stopForwardCA: 0, | P105: ="stopForwardCA: "&$W$5&"," -> stopForwardCA: 3, | Q105: ="stopForwardCA: "&$W$10&"," -> stopForwardCA: 3, | R105: ="stopForwardCA: "&$W$2&"," -> stopForwardCA: 1, | S105: ="stopForwardCA: "&$W$19&"," -> stopForwardCA: 2, | T105: ="stopForwardCA: "&$W$17&"," -> stopForwardCA: 4, | U105: ="stopForwardCA: "&$W$18&"," -> stopForwardCA: 0, | V105: ="stopForwardCA: "&$W$16&"," -> stopForwardCA: 2, | W105: ="stopForwardCA: "&$W$6&"," -> stopForwardCA: 1,
...

Sheet SD
B1: Minutes | C1: Goals | D1: Assists | E1: Key Pass | F1: Start CA | G1: Outplay | H1: Cross | I1: 1v1 | J1: Header | K1: SP Earned | L1: Shots Off | M1: Shots On | N1: Off Totals | O1: Off A/m | P1: Tackle | Q1: Interception | R1: FH Regain | S1: Block | T1: Clearance | U1: Separation | V1: Header | W1: Stop FWD | X1: Def Totals | Y1: Def A/m | Z1: Total Act | AA1: Total A/m | AC1: Offense | AT1: Defense
A2: addy | B2: 6 | C2: 0 | D2: 0 | E2: 0 | F2: 0 | G2: 0 | H2: 0 | I2: 0 | J2: 0 | K2: 0 | L2: 0 | M2: 0 | N2: 0 | O2: =IFERROR(N2/B2,0) -> 0 | P2: 0 | Q2: 1 | R2: 0 | S2: 0 | T2: 0 | U2: 0 | V2: 0 | W2: 1 | X2: 2 | Y2: =IFERROR(X2/B2,0) -> 0.33333333 | Z2: 2 | AA2: =IFERROR(Z2/B2,0) -> 0.33333333 | AC2: ="<tr><td>Jones</td><td>"&B2&"</td><td>"&C2&"</td><td>"&D2&"</td><td>"&E2&"</td><td>"&F2&"</td><td>"&G2&"</td><td>"&H2&"</td><td>"&I2&"</td><td>"&J2&"</td><td>"&K2&"</td><td>"&L2&"</td><td>"&M2&"</td><td>"&N2&"</td><td>"&TEXT(O2,"0.00")&"</td><td>"&Z2&"</td><td>"&TEXT(AA2,"0.00")&"</td></tr>" -> <tr><td>Jones</td><td>6</td><td>0</td><td>0</td><td>0</td><td>0</td><td>0</td><td>0</td><td>0</td><td>0</td><td>0</td><td>0</td><td>0</td><td>0</td><td>0.00</td><td>2</td><td>0.33</td></tr> | AT2: ="<tr><td>Jones</td><td>"&B2&"</td><td>"&P2&"</td><td>"&Q2&"</td><td>"&R2&"</td><td>"&S2&"</td><td>"&T2&"</td><td>"&U2&"</td><td>"&V2&"</td><td>"&W2&"</td><td>"&X2&"</td><td>"&TEXT(Y2,"0.00")&"</td><td>"&Z2&"</td><td>"&TEXT(AA2,"0.00")&"</td></tr>" -> <tr><td>Jones</td><td>6</td><td>0</td><td>1</td><td>0</td><td>0</td><td>0</td><td>0</td><td>0</td><td>1</td><td>2</td><td>0.33</td><td>2</td><td>0.33</td></tr>
A3: ally | B3: 0 | C3: 0 | D3: 0 | E3: 0 | F3: 0 | G3: 0 | H3: 0 | I3: 0 | J3: 0 | K3: 0 | L3: 0 | M3: 0 | N3: 0 | O3: =IFERROR(N3/B3,0) -> 0 | P3: 0 | Q3: 0 | R3: 0 | S3: 0 | T3: 0 | U3: 0 | V3: 0 | W3: 0 | X3: 0 | Y3: =IFERROR(X3/B3,0) -> 0 | Z3: 0 | AA3: =IFERROR(Z3/B3,0) -> 0 | AC3: ="<tr><td>Geraneo</td><td>"&B3&"</td><td>"&C3&"</td><td>"&D3&"</td><td>"&E3&"</td><td>"&F3&"</td><td>"&G3&"</td><td>"&H3&"</td><td>"&I3&"</td><td>"&J3&"</td><td>"&K3&"</td><td>"&L3&"</td><td>"&M3&"</td><td>"&N3&"</td><td>"&TEXT(O3,"0.00")&"</td><td>"&Z3&"</td><td>"&TEXT(AA3,"0.00")&"</td></tr>" -> <tr><td>Geraneo</td><td>0</td><td>0</td><td>0</td><td>0</td><td>0</td><td>0</td><td>0</td><td>0</td><td>0</td><td>0</td><td>0</td><td>0</td><td>0</td><td>0.00</td><td>0</td><td>0.00</td></tr> | AT3: ="<tr><td>Geraneo</td><td>"&B3&"</td><td>"&P3&"</td><td>"&Q3&"</td><td>"&R3&"</td><td>"&S3&"</td><td>"&T3&"</td><td>"&U3&"</td><td>"&V3&"</td><td>"&W3&"</td><td>"&X3&"</td><td>"&TEXT(Y3,"0.00")&"</td><td>"&Z3&"</td><td>"&TEXT(AA3,"0.00")&"</td></tr>" -> <tr><td>Geraneo</td><td>0</td><td>0</td><td>0</td><td>0</td><td>0</td><td>0</td><td>0</td><td>0</td><td>0</td><td>0</td><td>0.00</td><td>0</td><td>0.00</td></tr>
A4: ava | B4: 64 | C4: 0 | D4: 0 | E4: 1 | F4: 0 | G4: 0 | H4: 0 | I4: 0 | J4: 5 | K4: 2 | L4: 1 | M4: 3 | N4: 12 | O4: =IFERROR(N4/B4,0) -> 0.1875 | P4: 0 | Q4: 0 | R4: 0 | S4: 0 | T4: 0 | U4: 2 | V4: 5 | W4: 1 | X4: 8 | Y4: =IFERROR(X4/B4,0) -> 0.125 | Z4: 20 | AA4: =IFERROR(Z4/B4,0) -> 0.3125 | AC4: ="<tr><td>Makovicka</td><td>"&B4&"</td><td>"&C4&"</td><td>"&D4&"</td><td>"&E4&"</td><td>"&F4&"</td><td>"&G4&"</td><td>"&H4&"</td><td>"&I4&"</td><td>"&J4&"</td><td>"&K4&"</td><td>"&L4&"</td><td>"&M4&"</td><td>"&N4&"</td><td>"&TEXT(O4,"0.00")&"</td><td>"&Z4&"</td><td>"&TEXT(AA4,"0.00")&"</td></tr>" -> <tr><td>Makovicka</td><td>64</td><td>0</td><td>0</td><td>1</td><td>0</td><td>0</td><td>0</td><td>0</td><td>5</td><td>2</td><td>1</td><td>3</td><td>12</td><td>0.19</td><td>20</td><td>0.31</td></tr> | AT4: ="<tr><td>Makovicka</td><td>"&B4&"</td><td>"&P4&"</td><td>"&Q4&"</td><td>"&R4&"</td><td>"&S4&"</td><td>"&T4&"</td><td>"&U4&"</td><td>"&V4&"</td><td>"&W4&"</td><td>"&X4&"</td><td>"&TEXT(Y4,"0.00")&"</td><td>"&Z4&"</td><td>"&TEXT(AA4,"0.00")&"</td></tr>" -> <tr><td>Makovicka</td><td>64</td><td>0</td><td>0</td><td>0</td><td>0</td><td>0</td><td>2</td><td>5</td><td>1</td><td>8</td><td>0.13</td><td>20</td><td>0.31</td></tr>
A5: carson | B5: 25 | C5: 0 | D5: 0 | E5: 0 | F5: 0 | G5: 0 | H5: 0 | I5: 1 | J5: 4 | K5: 1 | L5: 0 | M5: 0 | N5: 6 | O5: =IFERROR(N5/B5,0) -> 0.24 | P5: 0 | Q5: 1 | R5: 2 | S5: 1 | T5: 0 | U5: 0 | V5: 0 | W5: 2 | X5: 6 | Y5: =IFERROR(X5/B5,0) -> 0.24 | Z5: 12 | AA5: =IFERROR(Z5/B5,0) -> 0.48 | AC5: ="<tr><td>Bohonek</td><td>"&B5&"</td><td>"&C5&"</td><td>"&D5&"</td><td>"&E5&"</td><td>"&F5&"</td><td>"&G5&"</td><td>"&H5&"</td><td>"&I5&"</td><td>"&J5&"</td><td>"&K5&"</td><td>"&L5&"</td><td>"&M5&"</td><td>"&N5&"</td><td>"&TEXT(O5,"0.00")&"</td><td>"&Z5&"</td><td>"&TEXT(AA5,"0.00")&"</td></tr>" -> <tr><td>Bohonek</td><td>25</td><td>0</td><td>0</td><td>0</td><td>0</td><td>0</td><td>0</td><td>1</td><td>4</td><td>1</td><td>0</td><td>0</td><td>6</td><td>0.24</td><td>12</td><td>0.48</td></tr> | AT5: ="<tr><td>Bohonek</td><td>"&B5&"</td><td>"&P5&"</td><td>"&Q5&"</td><td>"&R5&"</td><td>"&S5&"</td><td>"&T5&"</td><td>"&U5&"</td><td>"&V5&"</td><td>"&W5&"</td><td>"&X5&"</td><td>"&TEXT(Y5,"0.00")&"</td><td>"&Z5&"</td><td>"&TEXT(AA5,"0.00")&"</td></tr>" -> <tr><td>Bohonek</td><td>25</td><td>0</td><td>1</td><td>2</td><td>1</td><td>0</td><td>0</td><td>0</td><td>2</td><td>6</td><td>0.24</td><td>12</td><td>0.48</td></tr>
A6: charlie | B6: 3 | C6: 0 | D6: 0 | E6: 0 | F6: 0 | G6: 0 | H6: 0 | I6: 0 | J6: 0 | K6: 0 | L6: 0 | M6: 0 | N6: 0 | O6: =IFERROR(N6/B6,0) -> 0 | P6: 0 | Q6: 0 | R6: 0 | S6: 0 | T6: 0 | U6: 0 | V6: 0 | W6: 0 | X6: 0 | Y6: =IFERROR(X6/B6,0) -> 0 | Z6: 0 | AA6: =IFERROR(Z6/B6,0) -> 0 | AC6: ="<tr><td>Wistrom</td><td>"&B6&"</td><td>"&C6&"</td><td>"&D6&"</td><td>"&E6&"</td><td>"&F6&"</td><td>"&G6&"</td><td>"&H6&"</td><td>"&I6&"</td><td>"&J6&"</td><td>"&K6&"</td><td>"&L6&"</td><td>"&M6&"</td><td>"&N6&"</td><td>"&TEXT(O6,"0.00")&"</td><td>"&Z6&"</td><td>"&TEXT(AA6,"0.00")&"</td></tr>" -> <tr><td>Wistrom</td><td>3</td><td>0</td><td>0</td><td>0</td><td>0</td><td>0</td><td>0</td><td>0</td><td>0</td><td>0</td><td>0</td><td>0</td><td>0</td><td>0.00</td><td>0</td><td>0.00</td></tr> | AT6: ="<tr><td>Wistrom</td><td>"&B6&"</td><td>"&P6&"</td><td>"&Q6&"</td><td>"&R6&"</td><td>"&S6&"</td><td>"&T6&"</td><td>"&U6&"</td><td>"&V6&"</td><td>"&W6&"</td><td>"&X6&"</td><td>"&TEXT(Y6,"0.00")&"</td><td>"&Z6&"</td><td>"&TEXT(AA6,"0.00")&"</td></tr>" -> <tr><td>Wistrom</td><td>3</td><td>0</td><td>0</td><td>0</td><td>0</td><td>0</td><td>0</td><td>0</td><td>0</td><td>0</td><td>0.00</td><td>0</td><td>0.00</td></tr>
